,X,Y,L1,L2,L3
1,180,25.38975488,1,1,1
2,179.9998513,25.38981982,1,1,1
3,179.983311,25.39713037,1,1,1
4,179.9668092,25.40451398,1,1,1
5,179.950346,25.41197045,1,1,1
6,179.9339221,25.41949959,1,1,1
7,179.9175377,25.42710122,1,1,1
8,179.9011932,25.43477531,1,1,1
9,179.884889,25.44252148,1,1,1
10,179.8686255,25.45033965,1,1,1
11,179.852403,25.45822969,1,1,1
12,179.8362221,25.46619134,1,1,1
13,179.820083,25.47422438,1,1,1
14,179.803986,25.48232864,1,1,1
15,179.7879317,25.49050409,1,1,1
16,179.7719204,25.49875026,1,1,1
17,179.7559524,25.50706725,1,1,1
18,179.7400281,25.51545466,1,1,1
19,179.7241479,25.52391239,1,1,1
20,179.7083123,25.53244017,1,1,1
21,179.6925215,25.54103788,1,1,1
22,179.676776,25.54970524,1,1,1
23,179.6610761,25.55844214,1,1,1
24,179.6454221,25.56724839,1,1,1
25,179.6298145,25.57612361,1,1,1
26,179.6142536,25.58506779,1,1,1
27,179.5987398,25.59408065,1,1,1
28,179.5832736,25.60316198,1,1,1
29,179.567855,25.6123115,1,1,1
30,179.5524848,25.6215291,1,1,1
31,179.5371631,25.63081451,1,1,1
32,179.5218903,25.64016752,1,1,1
33,179.506667,25.64958793,1,1,1
34,179.4914931,25.65907547,1,1,1
35,179.4763694,25.66863002,1,1,1
36,179.461296,25.6782513,1,1,1
37,179.4462735,25.68793902,1,1,1
38,179.431302,25.69769308,1,1,1
39,179.4163819,25.7075131,1,1,1
40,179.4015138,25.71739898,1,1,1
41,179.3866979,25.72735051,1,1,1
42,179.3719344,25.73736732,1,1,1
43,179.3572239,25.74744922,1,1,1
44,179.3425666,25.7575961,1,1,1
45,179.327963,25.76780757,1,1,1
46,179.3134133,25.77808346,1,1,1
47,179.2989179,25.78842355,1,1,1
48,179.2844772,25.79882748,1,1,1
49,179.2700915,25.80929521,1,1,1
50,179.2557613,25.8198263,1,1,1
51,179.2514381,25.82302377,1,1,1
52,179.2405025,25.83114911,1,1,1
53,179.2262839,25.84180633,1,1,1
54,179.2225462,25.84462538,1,1,1
55,179.2099047,25.854199,1,1,1
56,179.1957991,25.86498129,1,1,1
57,179.1817504,25.87582586,1,1,1
58,179.1677593,25.88673232,1,1,1
59,179.1538259,25.89770049,1,1,1
60,179.1399508,25.90873015,1,1,1
61,179.1261339,25.91982085,1,1,1
62,179.1123759,25.93097257,1,1,1
63,179.0986771,25.94218484,1,1,1
64,179.0850378,25.95345756,1,1,1
65,179.0714582,25.96479034,1,1,1
66,179.0579388,25.976183,1,1,1
67,179.0444798,25.98763524,1,1,1
68,179.0310817,25.99914687,1,1,1
69,179.0177447,26.01071742,1,1,1
70,179.0044691,26.02234678,1,1,1
71,178.9912554,26.03403467,1,1,1
72,178.9781037,26.0457808,1,1,1
73,178.9650146,26.05758488,1,1,1
74,178.9519881,26.06944662,1,1,1
75,178.9390248,26.08136566,1,1,1
76,178.9261249,26.09334197,1,1,1
77,178.9132887,26.10537499,1,1,1
78,178.9005166,26.11746462,1,1,1
79,178.8878088,26.12961048,1,1,1
80,178.8751658,26.14181229,1,1,1
81,178.8625877,26.15406985,1,1,1
82,178.850075,26.16638278,1,1,1
83,178.8376278,26.17875088,1,1,1
84,178.8252467,26.19117369,1,1,1
85,178.8129318,26.2036511,1,1,1
86,178.8006834,26.21618274,1,1,1
87,178.788502,26.22876831,1,1,1
88,178.7763878,26.24140754,1,1,1
89,178.7643409,26.25410004,1,1,1
90,178.7523619,26.26684562,1,1,1
91,178.7404511,26.27964399,1,1,1
92,178.7286085,26.29249478,1,1,1
93,178.7168348,26.30539761,1,1,1
94,178.70513,26.31835237,1,1,1
95,178.6934944,26.3313586,1,1,1
96,178.6819285,26.34441611,1,1,1
97,178.6704325,26.3575245,1,1,1
98,178.6590066,26.37068342,1,1,1
99,178.6476513,26.38389275,1,1,1
100,178.6363666,26.39715193,1,1,1
101,178.625153,26.41046087,1,1,1
102,178.6236742,26.41222612,1,1,1
103,178.6137807,26.42409371,1,1,1
104,178.60271,26.43750099,1,1,1
105,178.5917113,26.45095698,1,1,1
106,178.5807848,26.46446132,1,1,1
107,178.5699308,26.4780137,1,1,1
108,178.5591495,26.49161395,1,1,1
109,178.5484412,26.5052615,1,1,1
110,178.5378064,26.51895624,1,1,1
111,178.527245,26.53269772,1,1,1
112,178.5167577,26.54648565,1,1,1
113,178.5063443,26.56031973,1,1,1
114,178.4960054,26.57419952,1,1,1
115,178.4857412,26.5881249,1,1,1
116,178.475552,26.60209531,1,1,1
117,178.465438,26.61611057,1,1,1
118,178.4553995,26.6301703,1,1,1
119,178.4454368,26.64427412,1,1,1
120,178.43555,26.65842176,1,1,1
121,178.4257396,26.67261283,1,1,1
122,178.4160057,26.68684705,1,1,1
123,178.4063486,26.70112405,1,1,1
124,178.3967685,26.71544355,1,1,1
125,178.3872658,26.72980507,1,1,1
126,178.3778407,26.74420835,1,1,1
127,178.3684934,26.75865309,1,1,1
128,178.3592241,26.77313891,1,1,1
129,178.3500332,26.78766537,1,1,1
130,178.3409208,26.80223226,1,1,1
131,178.3318873,26.81683921,1,1,1
132,178.3312349,26.81790061,1,1,1
133,178.3273056,26.8243079,1,1,1
134,178.3245193,26.82877817,1,1,1
135,178.3154831,26.84338477,1,1,1
136,178.306526,26.85803105,1,1,1
137,178.2976483,26.87271672,1,1,1
138,178.2888501,26.88744132,1,1,1
139,178.2801318,26.90220457,1,1,1
140,178.2714934,26.91700601,1,1,1
141,178.2629354,26.93184544,1,1,1
142,178.2544578,26.9467225,1,1,1
143,178.246061,26.96163671,1,1,1
144,178.2377452,26.97658771,1,1,1
145,178.2295106,26.99157522,1,1,1
146,178.2213574,27.00659896,1,1,1
147,178.2132859,27.02165837,1,1,1
148,178.2052963,27.03675326,1,1,1
149,178.1973887,27.05188317,1,1,1
150,178.1963201,27.05394269,1,1,1
151,178.1894258,27.06731307,1,1,1
152,178.1816831,27.08251197,1,1,1
153,178.1740232,27.09774488,1,1,1
154,178.1664464,27.11301132,1,1,1
155,178.1589527,27.12831093,1,1,1
156,178.1515424,27.14364343,1,1,1
157,178.1442157,27.15900845,1,1,1
158,178.1369729,27.17440554,1,1,1
159,178.1298141,27.1898344,1,1,1
160,178.1227395,27.20529468,1,1,1
161,178.1157494,27.22078591,1,1,1
162,178.108844,27.23630772,1,1,1
163,178.1020235,27.25185984,1,1,1
164,178.095288,27.26744181,1,1,1
165,178.0886377,27.28305334,1,1,1
166,178.0820729,27.2986939,1,1,1
167,178.0755937,27.31436328,1,1,1
168,178.0692004,27.33006095,1,1,1
169,178.0628931,27.34578663,1,1,1
170,178.056672,27.36153995,1,1,1
171,178.0505373,27.37732045,1,1,1
172,178.0444892,27.39312785,1,1,1
173,178.0385278,27.40896161,1,1,1
174,178.0326534,27.42482155,1,1,1
175,178.0268661,27.44070711,1,1,1
176,178.0211661,27.45661802,1,1,1
177,178.0155536,27.47255382,1,1,1
178,178.0100287,27.48851424,1,1,1
179,178.0045916,27.50449873,1,1,1
180,177.9992425,27.52050692,1,1,1
181,177.9939816,27.53653855,1,1,1
182,177.9888091,27.55259315,1,1,1
183,177.9837249,27.56867037,1,1,1
184,177.9787294,27.58476974,1,1,1
185,177.9738228,27.60089099,1,1,1
186,177.969005,27.61703358,1,1,1
187,177.9642764,27.63319724,1,1,1
188,177.9596371,27.64938142,1,1,1
189,177.9550873,27.66558593,1,1,1
190,177.9506269,27.68181024,1,1,1
191,177.9462564,27.69805406,1,1,1
192,177.9419756,27.71431687,1,1,1
193,177.9377848,27.7305983,1,1,1
194,177.9336843,27.74689806,1,1,1
195,177.9336632,27.74698267,1,1,1
196,177.9336125,27.74718625,1,1,1
197,177.9296022,27.76350386,1,1,1
198,177.9256822,27.77983883,1,1,1
199,177.9218529,27.79619096,1,1,1
200,177.9181143,27.81255962,1,1,1
201,177.9144666,27.82894465,1,1,1
202,177.9109098,27.84534548,1,1,1
203,177.907444,27.86176178,1,1,1
204,177.9040695,27.87819307,1,1,1
205,177.9007863,27.8946391,1,1,1
206,177.8975946,27.91109923,1,1,1
207,177.8944944,27.92757338,1,1,1
208,177.8914859,27.94406082,1,1,1
209,177.8885693,27.96056138,1,1,1
210,177.8857446,27.97707451,1,1,1
211,177.8830119,27.99359986,1,1,1
212,177.8803713,28.01013698,1,1,1
213,177.877823,28.0266856,1,1,1
214,177.8753671,28.04324519,1,1,1
215,177.8730036,28.05981538,1,1,1
216,177.8707327,28.07639573,1,1,1
217,177.8685544,28.09298579,1,1,1
218,177.8664688,28.1095853,1,1,1
219,177.8644761,28.12619371,1,1,1
220,177.8625764,28.14281067,1,1,1
221,177.8607696,28.15943583,1,1,1
222,177.859056,28.17606866,1,1,1
223,177.8574356,28.19270878,1,1,1
224,177.8559085,28.20935585,1,1,1
225,177.8544748,28.22600943,1,1,1
226,177.8531344,28.24266906,1,1,1
227,177.8518876,28.25933432,1,1,1
228,177.8507344,28.27600483,1,1,1
229,177.8496749,28.29268024,1,1,1
230,177.848709,28.30936004,1,1,1
231,177.847837,28.32604385,1,1,1
232,177.8470588,28.34273123,1,1,1
233,177.8463746,28.35942184,1,1,1
234,177.8457844,28.37611523,1,1,1
235,177.8452882,28.39281096,1,1,1
236,177.8448862,28.40950859,1,1,1
237,177.8445783,28.42620776,1,1,1
238,177.8443645,28.44290812,1,1,1
239,177.844245,28.45960906,1,1,1
240,177.84422,28.4763104,1,1,1
241,177.8442892,28.49301151,1,1,1
242,177.8444528,28.50971206,1,1,1
243,177.8447109,28.52641169,1,1,1
244,177.8450634,28.54310987,1,1,1
245,177.8455104,28.55980625,1,1,1
246,177.8460521,28.57650048,1,1,1
247,177.8463275,28.58403513,1,1,1
248,177.8466987,28.59347548,1,1,1
249,177.8472459,28.60616822,1,1,1
250,177.8476135,28.61429381,1,1,1
251,177.8484387,28.63097887,1,1,1
252,177.8493588,28.64765993,1,1,1
253,177.8503734,28.66433674,1,1,1
254,177.8514828,28.68100886,1,1,1
255,177.8526869,28.69767585,1,1,1
256,177.8539858,28.71433719,1,1,1
257,177.8553794,28.73099262,1,1,1
258,177.8568677,28.74764162,1,1,1
259,177.8576136,28.75560861,1,1,1
260,177.8585222,28.76503841,1,1,1
261,177.8602002,28.78167337,1,1,1
262,177.8619727,28.79830076,1,1,1
263,177.8638402,28.81491998,1,1,1
264,177.8658024,28.83153076,1,1,1
265,177.8678594,28.84813259,1,1,1
266,177.8700112,28.8647252,1,1,1
267,177.8722576,28.88130798,1,1,1
268,177.8745989,28.89788059,1,1,1
269,177.8754285,28.9035951,1,1,1
270,177.8771429,28.91518353,1,1,1
271,177.8796736,28.93173464,1,1,1
272,177.882299,28.94827429,1,1,1
273,177.8849283,28.96426034,1,1,1
274,177.8851428,28.96554294,1,1,1
275,177.8879575,28.98205858,1,1,1
276,177.8882414,28.9836931,1,1,1
277,177.8882924,28.98398845,1,1,1
278,177.8894238,28.99047225,1,1,1
279,177.8896151,28.99156153,1,1,1
280,177.8913308,29.00122775,1,1,1
281,177.8943348,29.0177176,1,1,1
282,177.8974333,29.03419392,1,1,1
283,177.9006264,29.05065634,1,1,1
284,177.903914,29.06710445,1,1,1
285,177.9063999,29.07922948,1,1,1
286,177.9073489,29.0837939,1,1,1
287,177.9108254,29.10021214,1,1,1
288,177.9143963,29.11661477,1,1,1
289,177.9180616,29.13300136,1,1,1
290,177.921821,29.14937158,1,1,1
291,177.9256747,29.16572499,1,1,1
292,177.9296227,29.18206108,1,1,1
293,177.9336647,29.19837959,1,1,1
294,177.9378009,29.21468001,1,1,1
295,177.942031,29.2309619,1,1,1
296,177.9463551,29.24722494,1,1,1
297,177.9507732,29.2634686,1,1,1
298,177.955285,29.27969264,1,1,1
299,177.9598906,29.29589645,1,1,1
300,177.9602203,29.29704341,1,1,1
301,177.9647975,29.31280218,1,1,1
302,177.9695904,29.32896449,1,1,1
303,177.9744768,29.34510545,1,1,1
304,177.9794567,29.36122457,1,1,1
305,177.9845299,29.37732142,1,1,1
306,177.9896964,29.39339575,1,1,1
307,177.9949561,29.40944704,1,1,1
308,178.0003089,29.42547487,1,1,1
309,178.0057547,29.44147881,1,1,1
310,178.0112935,29.45745854,1,1,1
311,178.016925,29.47341353,1,1,1
312,178.0226493,29.48934354,1,1,1
313,178.0284662,29.50524797,1,1,1
314,178.0343756,29.52112657,1,1,1
315,178.0403774,29.53697883,1,1,1
316,178.0464715,29.55280433,1,1,1
317,178.0526578,29.56860282,1,1,1
318,178.0589362,29.58437371,1,1,1
319,178.0653064,29.60011665,1,1,1
320,178.0717686,29.61583132,1,1,1
321,178.0783225,29.63151721,1,1,1
322,178.0849678,29.64717398,1,1,1
323,178.0917047,29.6628012,1,1,1
324,178.0985329,29.67839847,1,1,1
325,178.1012275,29.68448863,1,1,1
326,178.1056733,29.69446388,1,1,1
327,178.1126838,29.70999998,1,1,1
328,178.1197851,29.72550495,1,1,1
329,178.1269773,29.74097845,1,1,1
330,178.13426,29.75641989,1,1,1
331,178.1416334,29.77182903,1,1,1
332,178.149097,29.78720536,1,1,1
333,178.1566507,29.80254854,1,1,1
334,178.1642946,29.81785817,1,1,1
335,178.1720283,29.8331339,1,1,1
336,178.1798517,29.84837524,1,1,1
337,178.1877647,29.86358185,1,1,1
338,178.1957671,29.87875332,1,1,1
339,178.2038587,29.89388923,1,1,1
340,178.2109307,29.90695459,1,1,1
341,178.2121613,29.90921353,1,1,1
342,178.2204308,29.9242772,1,1,1
343,178.2287891,29.93930423,1,1,1
344,178.237236,29.95429412,1,1,1
345,178.2457712,29.96924653,1,1,1
346,178.2543945,29.98416106,1,1,1
347,178.2631059,29.99903729,1,1,1
348,178.271905,30.01387497,1,1,1
349,178.2719947,30.01402506,1,1,1
350,178.2752468,30.01948727,1,1,1
351,178.2841339,30.03428583,1,1,1
352,178.2931086,30.04904502,1,1,1
353,178.3021704,30.06376441,1,1,1
354,178.3113192,30.07844352,1,1,1
355,178.3186106,30.09001497,1,1,1
356,178.3209833,30.09375906,1,1,1
357,178.3214435,30.09448375,1,1,1
358,178.3306803,30.10894673,1,1,1
359,178.3400892,30.12350298,1,1,1
360,178.3495844,30.13801755,1,1,1
361,178.3536625,30.14419854,1,1,1
362,178.3593137,30.15271419,1,1,1
363,178.3689806,30.16714411,1,1,1
364,178.3787333,30.18153128,1,1,1
365,178.3885712,30.19587511,1,1,1
366,178.3984943,30.21017535,1,1,1
367,178.4085023,30.22443161,1,1,1
368,178.4101821,30.22680815,1,1,1
369,178.4189024,30.23907816,1,1,1
370,178.4290797,30.25324531,1,1,1
371,178.4393412,30.26736731,1,1,1
372,178.4496869,30.28144384,1,1,1
373,178.4601162,30.29547458,1,1,1
374,178.4706291,30.30945903,1,1,1
375,178.4812253,30.32339695,1,1,1
376,178.4832299,30.32601625,1,1,1
377,178.486406,30.33015584,1,1,1
378,178.4923924,30.3379236,1,1,1
379,178.5031546,30.35176722,1,1,1
380,178.5139993,30.36556308,1,1,1
381,178.5249264,30.37931094,1,1,1
382,178.5359355,30.39301039,1,1,1
383,178.5470265,30.40666111,1,1,1
384,178.5523518,30.41316271,1,1,1
385,178.5586533,30.42081615,1,1,1
386,178.5699072,30.43436818,1,1,1
387,178.570563,30.43515342,1,1,1
388,178.5797336,30.44608411,1,1,1
389,178.581907,30.44866181,1,1,1
390,178.5933227,30.46211381,1,1,1
391,178.604819,30.47551521,1,1,1
392,178.6163955,30.48886567,1,1,1
393,178.628052,30.50216487,1,1,1
394,178.6397882,30.51541241,1,1,1
395,178.6516037,30.52860796,1,1,1
396,178.6534119,30.53061492,1,1,1
397,178.664356,30.54270276,1,1,1
398,178.6763297,30.55579332,1,1,1
399,178.6881144,30.56854308,1,1,1
400,178.6885476,30.56900938,1,1,1
401,178.6905087,30.57111775,1,1,1
402,178.6908999,30.57153905,1,1,1
403,178.6915504,30.57223942,1,1,1
404,178.7036813,30.58522363,1,1,1
405,178.7158901,30.59815406,1,1,1
406,178.7281767,30.61103049,1,1,1
407,178.7405407,30.6238525,1,1,1
408,178.7529818,30.63661978,1,1,1
409,178.7654997,30.64933191,1,1,1
410,178.7780942,30.66198866,1,1,1
411,178.7907648,30.67458962,1,1,1
412,178.8035113,30.68713456,1,1,1
413,178.8163334,30.69962299,1,1,1
414,178.8292307,30.71205466,1,1,1
415,178.8422031,30.72442926,1,1,1
416,178.85525,30.73674638,1,1,1
417,178.8683714,30.74900578,1,1,1
418,178.8815667,30.76120715,1,1,1
419,178.8948357,30.77334999,1,1,1
420,178.9081781,30.78543416,1,1,1
421,178.9215935,30.79745932,1,1,1
422,178.9350817,30.809425,1,1,1
423,178.9486421,30.82133104,1,1,1
424,178.9622746,30.83317703,1,1,1
425,178.9759788,30.84496274,1,1,1
426,178.9897543,30.85668768,1,1,1
427,179.003601,30.86835179,1,1,1
428,179.0175183,30.87995449,1,1,1
429,179.0315058,30.89149571,1,1,1
430,179.0455633,30.90297496,1,1,1
431,179.0596905,30.91439202,1,1,1
432,179.0677048,30.92081651,1,1,1
433,179.0739326,30.92578319,1,1,1
434,179.0881979,30.93707488,1,1,1
435,179.1025319,30.94830349,1,1,1
436,179.116934,30.95946863,1,1,1
437,179.131404,30.97057005,1,1,1
438,179.1459413,30.98160744,1,1,1
439,179.1605459,30.99258048,1,1,1
440,179.1752172,31.00348892,1,1,1
441,179.1899548,31.01433247,1,1,1
442,179.2047583,31.02511078,1,1,1
443,179.2196276,31.03582363,1,1,1
444,179.2345621,31.04647062,1,1,1
445,179.2495614,31.05705159,1,1,1
446,179.2646252,31.06756623,1,1,1
447,179.2764843,31.07576597,1,1,1
448,179.2799722,31.07816513,1,1,1
449,179.2951638,31.08854621,1,1,1
450,179.3104187,31.09886,1,1,1
451,179.3257366,31.10910635,1,1,1
452,179.3411169,31.11928485,1,1,1
453,179.3565594,31.12939536,1,1,1
454,179.3720637,31.13943755,1,1,1
455,179.3876292,31.1494112,1,1,1
456,179.4032558,31.15931598,1,1,1
457,179.4189428,31.16915157,1,1,1
458,179.4346901,31.17891782,1,1,1
459,179.4504969,31.18861442,1,1,1
460,179.4663632,31.19824105,1,1,1
461,179.4822884,31.20779754,1,1,1
462,179.498272,31.2172836,1,1,1
463,179.5143137,31.22669889,1,1,1
464,179.5304131,31.23604327,1,1,1
465,179.5465697,31.2453165,1,1,1
466,179.5627831,31.25451818,1,1,1
467,179.579053,31.26364816,1,1,1
468,179.5871651,31.26816189,1,1,1
469,179.6015369,31.27613022,1,1,1
470,179.6179188,31.28511611,1,1,1
471,179.6343558,31.2940295,1,1,1
472,179.6508475,31.30287026,1,1,1
473,179.6673935,31.31163797,1,1,1
474,179.6839933,31.32033257,1,1,1
475,179.7006463,31.32895384,1,1,1
476,179.7173525,31.33750135,1,1,1
477,179.7341111,31.34597505,1,1,1
478,179.7509218,31.35437462,1,1,1
479,179.7641604,31.36091912,1,1,1
480,179.7770669,31.3672822,1,1,1
481,179.7939812,31.3755329,1,1,1
482,179.8109462,31.38370876,1,1,1
483,179.8279615,31.39180964,1,1,1
484,179.8450265,31.3998353,1,1,1
485,179.862141,31.4077855,1,1,1
486,179.8793045,31.41566,1,1,1
487,179.8965163,31.42345858,1,1,1
488,179.9137763,31.43118107,1,1,1
489,179.9310836,31.43882725,1,1,1
490,179.9484382,31.44639697,1,1,1
491,179.9658393,31.45388989,1,1,1
492,179.9832867,31.46130588,1,1,1
493,180,31.46831764,1,1,1
498,-179.981682,31.47590633,1,2,1
499,-179.964099,31.48309033,1,2,1
500,-179.9464717,31.49019653,1,2,1
501,-179.9288005,31.49722486,1,2,1
502,-179.911086,31.504175,1,2,1
503,-179.8933287,31.51104688,1,2,1
504,-179.8755289,31.51784026,1,2,1
505,-179.8576872,31.52455492,1,2,1
506,-179.8398041,31.53119077,1,2,1
507,-179.82188,31.53774749,1,2,1
508,-179.8039155,31.54422503,1,2,1
509,-179.7859109,31.55062314,1,2,1
510,-179.7678669,31.55694157,1,2,1
511,-179.7497839,31.56318036,1,2,1
512,-179.7316622,31.56933909,1,2,1
513,-179.7135026,31.57541777,1,2,1
514,-179.6953054,31.58141617,1,2,1
515,-179.6770712,31.58733422,1,2,1
516,-179.6588004,31.59317159,1,2,1
517,-179.6404934,31.59892814,1,2,1
518,-179.622151,31.60460387,1,2,1
519,-179.6037735,31.61019846,1,2,1
520,-179.5853613,31.61571184,1,2,1
521,-179.5669152,31.62114385,1,2,1
522,-179.5484353,31.62649427,1,2,1
523,-179.5299225,31.63176309,1,2,1
524,-179.5113771,31.63695,1,2,1
525,-179.5073433,31.63806614,1,2,1
526,-179.492319,31.6421878,1,2,1
527,-179.47371,31.64721065,1,2,1
528,-179.4550698,31.6521513,1,2,1
529,-179.4363992,31.65700948,1,2,1
530,-179.4176984,31.66178523,1,2,1
531,-179.3989682,31.6664783,1,2,1
532,-179.3802089,31.6710886,1,2,1
533,-179.3614212,31.675616,1,2,1
534,-179.3426054,31.68006033,1,2,1
535,-179.3401428,31.68063534,1,2,1
536,-179.3321016,31.68252375,1,2,1
537,-179.3132579,31.68688499,1,2,1
538,-179.2943872,31.69116284,1,2,1
539,-179.2824258,31.69382822,1,2,1
540,-179.2746211,31.69554984,1,2,1
541,-179.2556979,31.69966088,1,2,1
542,-179.2367495,31.70368831,1,2,1
543,-179.217776,31.70763198,1,2,1
544,-179.1987782,31.71149174,1,2,1
545,-179.1797566,31.71526758,1,2,1
546,-179.1607117,31.71895945,1,2,1
547,-179.1416439,31.72256708,1,2,1
548,-179.1225539,31.72609042,1,2,1
549,-179.1034421,31.72952946,1,2,1
550,-179.0843091,31.73288405,1,2,1
551,-179.0651553,31.73615412,1,2,1
552,-179.0459814,31.7393395,1,2,1
553,-179.0267879,31.7424402,1,2,1
554,-179.0075751,31.74545606,1,2,1
555,-178.9883438,31.74838701,1,2,1
556,-178.9690945,31.75123305,1,2,1
557,-178.9498275,31.75399402,1,2,1
558,-178.9436004,31.7548676,1,2,1
559,-178.9266845,31.75721018,1,2,1
560,-178.9073841,31.75980085,1,2,1
561,-178.8880676,31.76230613,1,2,1
562,-178.8687358,31.76472621,1,2,1
563,-178.849389,31.76706075,1,2,1
564,-178.8406835,31.76808282,1,2,1
565,-178.8297532,31.76934191,1,2,1
566,-178.8103783,31.77150548,1,2,1
567,-178.7909902,31.77358352,1,2,1
568,-178.7715892,31.77557579,1,2,1
569,-178.7521762,31.77748247,1,2,1
570,-178.7327514,31.7793033,1,2,1
571,-178.7133155,31.7810383,1,2,1
572,-178.6938689,31.78268755,1,2,1
573,-178.6744124,31.7842508,1,2,1
574,-178.6549463,31.78572815,1,2,1
575,-178.6354713,31.78711942,1,2,1
576,-178.6159878,31.78842471,1,2,1
577,-178.5964964,31.78964401,1,2,1
578,-178.5769975,31.79077709,1,2,1
579,-178.5574919,31.7918241,1,2,1
580,-178.53798,31.79278497,1,2,1
581,-178.5184623,31.79365963,1,2,1
582,-178.4989395,31.79444806,1,2,1
583,-178.4794119,31.79515027,1,2,1
584,-178.4670535,31.79555002,1,2,1
585,-178.453659,31.79596314,1,2,1
586,-178.4341237,31.79649283,1,2,1
587,-178.4145853,31.79693623,1,2,1
588,-178.3950445,31.79729334,1,2,1
589,-178.3755017,31.79756406,1,2,1
590,-178.3559575,31.79774858,1,2,1
591,-178.3364123,31.79784671,1,2,1
592,-178.3239606,31.79786423,1,2,1
593,-178.3044152,31.79782108,1,2,1
594,-178.2848703,31.79769164,1,2,1
595,-178.2653266,31.79747582,1,2,1
596,-178.2457844,31.79717371,1,2,1
597,-178.2455357,31.79716931,1,2,1
598,-178.2455251,31.79716914,1,2,1
599,-178.2259852,31.79678073,1,2,1
600,-178.2064479,31.79630602,1,2,1
601,-178.1869138,31.79574502,1,2,1
602,-178.1673835,31.79509772,1,2,1
603,-178.1478577,31.7943642,1,2,1
604,-178.1283365,31.79354455,1,2,1
605,-178.1088208,31.79263859,1,2,1
606,-178.0893112,31.79164649,1,2,1
607,-178.0698079,31.79056817,1,2,1
608,-178.0503117,31.78940379,1,2,1
609,-178.0308231,31.78815334,1,2,1
610,-178.0113425,31.78681683,1,2,1
611,-177.9918706,31.78539425,1,2,1
612,-177.9724079,31.78388576,1,2,1
613,-177.9529548,31.78229127,1,2,1
614,-177.9335121,31.78061096,1,2,1
615,-177.9140801,31.77884473,1,2,1
616,-177.8946594,31.77699274,1,2,1
617,-177.8752506,31.775055,1,2,1
618,-177.8558543,31.77303157,1,2,1
619,-177.8364709,31.77092254,1,2,1
620,-177.8220008,31.76929127,1,2,1
621,-177.8164585,31.76865445,1,2,1
622,-177.7971025,31.76637428,1,2,1
623,-177.7777611,31.76400875,1,2,1
624,-177.7584348,31.76155776,1,2,1
625,-177.739124,31.75902139,1,2,1
626,-177.7198294,31.75639989,1,2,1
627,-177.7005514,31.75369316,1,2,1
628,-177.6812907,31.75090128,1,2,1
629,-177.6620477,31.74802442,1,2,1
630,-177.642823,31.74506265,1,2,1
631,-177.6236169,31.74201596,1,2,1
632,-177.6044303,31.73888451,1,2,1
633,-177.5852635,31.73566839,1,2,1
634,-177.5661171,31.73236766,1,2,1
635,-177.5578679,31.73091832,1,2,1
636,-177.5499395,31.72952018,1,2,1
637,-177.5414003,31.72799782,1,2,1
638,-177.5222964,31.72452815,1,2,1
639,-177.5032145,31.72097419,1,2,1
640,-177.4841549,31.71733601,1,2,1
641,-177.4651185,31.71361368,1,2,1
642,-177.4461055,31.70980736,1,2,1
643,-177.4271166,31.70591705,1,2,1
644,-177.4081522,31.70194307,1,2,1
645,-177.389213,31.69788524,1,2,1
646,-177.3702993,31.69374397,1,2,1
647,-177.3514117,31.68951908,1,2,1
648,-177.3325507,31.68521099,1,2,1
649,-177.3137169,31.6808196,1,2,1
650,-177.2949108,31.67634507,1,2,1
651,-177.2761329,31.67178754,1,2,1
652,-177.2573836,31.66714719,1,2,1
653,-177.2386636,31.66242408,1,2,1
654,-177.2199733,31.65761846,1,2,1
655,-177.2013132,31.65273022,1,2,1
656,-177.1826837,31.64775978,1,2,1
657,-177.1640855,31.64270704,1,2,1
658,-177.1630175,31.64241407,1,2,1
659,-177.1609438,31.64184628,1,2,1
660,-177.1423776,31.63671152,1,2,1
661,-177.1238436,31.63149485,1,2,1
662,-177.1053424,31.62619643,1,2,1
663,-177.0868744,31.62081633,1,2,1
664,-177.0684402,31.61535479,1,2,1
665,-177.0500403,31.60981189,1,2,1
666,-177.0499504,31.60978434,1,2,1
667,-177.0329021,31.60853678,1,2,1
668,-177.0134762,31.60702853,1,2,1
669,-176.99406,31.60543445,1,2,1
670,-176.993286,31.60536908,1,2,1
671,-176.9910721,31.60518299,1,2,1
672,-176.9716662,31.603503,1,2,1
673,-176.952271,31.60173718,1,2,1
674,-176.9328871,31.5998856,1,2,1
675,-176.9135152,31.59794819,1,2,1
676,-176.8941555,31.59592527,1,2,1
677,-176.8748087,31.59381658,1,2,1
678,-176.8554754,31.59162247,1,2,1
679,-176.836156,31.58934274,1,2,1
680,-176.8168511,31.58697765,1,2,1
681,-176.7975614,31.58452719,1,2,1
682,-176.7782871,31.58199136,1,2,1
683,-176.759029,31.57937041,1,2,1
684,-176.7397874,31.57666423,1,2,1
685,-176.7205631,31.57387292,1,2,1
686,-176.7013563,31.57099671,1,2,1
687,-176.6821678,31.56803551,1,2,1
688,-176.6629982,31.56498948,1,2,1
689,-176.6438476,31.56185863,1,2,1
690,-176.624717,31.55864318,1,2,1
691,-176.6056066,31.55534314,1,2,1
692,-176.5865171,31.55195857,1,2,1
693,-176.5694286,31.54885391,1,2,1
694,-176.5671835,31.54844095,1,2,1
695,-176.5481372,31.54488765,1,2,1
696,-176.5291134,31.54125023,1,2,1
697,-176.5101125,31.53752867,1,2,1
698,-176.4911351,31.53372305,1,2,1
699,-176.4721817,31.52983361,1,2,1
700,-176.4532527,31.52586035,1,2,1
701,-176.4343487,31.52180341,1,2,1
702,-176.420408,31.51875451,1,2,1
703,-176.4128174,31.51707897,1,2,1
704,-176.3939651,31.51285506,1,2,1
705,-176.3836497,31.51050601,1,2,1
706,-176.3709503,31.50759057,1,2,1
707,-176.3521519,31.50320013,1,2,1
708,-176.3333811,31.49872648,1,2,1
709,-176.3310086,31.49815467,1,2,1
710,-176.3128554,31.4937401,1,2,1
711,-176.2941414,31.48910064,1,2,1
712,-176.2754565,31.48437851,1,2,1
713,-176.2568012,31.4795738,1,2,1
714,-176.2381761,31.47468666,1,2,1
715,-176.2195817,31.46971715,1,2,1
716,-176.2010184,31.46466545,1,2,1
717,-176.1824868,31.4595317,1,2,1
718,-176.1639874,31.45431606,1,2,1
719,-176.1455205,31.44901868,1,2,1
720,-176.1270869,31.44363965,1,2,1
721,-176.108687,31.43817919,1,2,1
722,-176.0903212,31.43263738,1,2,1
723,-176.0719902,31.42701446,1,2,1
724,-176.0536942,31.42131049,1,2,1
725,-176.035434,31.41552565,1,2,1
726,-176.01721,31.40966016,1,2,1
727,-175.9990224,31.40371409,1,2,1
728,-175.9808722,31.39768768,1,2,1
729,-175.9627596,31.3915811,1,2,1
730,-175.944685,31.38539448,1,2,1
731,-175.926649,31.379128,1,2,1
732,-175.9086522,31.37278179,1,2,1
733,-175.890695,31.3663561,1,2,1
734,-175.8727779,31.359851,1,2,1
735,-175.8549012,31.35326682,1,2,1
736,-175.8434938,31.34901598,1,2,1
737,-175.8364367,31.34636837,1,2,1
738,-175.8186427,31.33962636,1,2,1
739,-175.8008907,31.33280581,1,2,1
740,-175.7831811,31.32590679,1,2,1
741,-175.7655145,31.31892952,1,2,1
742,-175.7478912,31.31187417,1,2,1
743,-175.7303118,31.30474106,1,2,1
744,-175.7277713,31.30369634,1,2,1
745,-175.7277007,31.30369557,1,2,1
746,-175.7082612,31.30339363,1,2,1
747,-175.6888239,31.30300544,1,2,1
748,-175.6736129,31.30264148,1,2,1
749,-175.6634745,31.30238325,1,2,1
750,-175.6440431,31.30182256,1,2,1
751,-175.6246154,31.3011757,1,2,1
752,-175.605192,31.30044268,1,2,1
753,-175.5857734,31.2996234,1,2,1
754,-175.5763382,31.2991941,1,2,1
755,-175.5630042,31.29856296,1,2,1
756,-175.5435969,31.2975715,1,2,1
757,-175.5241961,31.29649387,1,2,1
758,-175.5048022,31.29533014,1,2,1
759,-175.4854159,31.29408039,1,2,1
760,-175.4660376,31.29274462,1,2,1
761,-175.4466678,31.29132292,1,2,1
762,-175.4273073,31.28981528,1,2,1
763,-175.4079562,31.28822179,1,2,1
764,-175.3886155,31.28654242,1,2,1
765,-175.3692854,31.2847772,1,2,1
766,-175.3499666,31.28292635,1,2,1
767,-175.3306595,31.28098971,1,2,1
768,-175.3113648,31.27896744,1,2,1
769,-175.2920829,31.27685963,1,2,1
770,-175.2728144,31.27466625,1,2,1
771,-175.2535598,31.27238741,1,2,1
772,-175.2343196,31.27002325,1,2,1
773,-175.2150944,31.26757361,1,2,1
774,-175.1958847,31.26503881,1,2,1
775,-175.1915072,31.26444896,1,2,1
776,-175.1735118,31.26198998,1,2,1
777,-175.1543347,31.25928476,1,2,1
778,-175.1351748,31.25649461,1,2,1
779,-175.1160323,31.25361936,1,2,1
780,-175.1001872,31.25117303,1,2,1
781,-175.0884016,31.24933854,1,2,1
782,-175.0692962,31.24629363,1,2,1
783,-175.05021,31.24316393,1,2,1
784,-175.0311435,31.2399497,1,2,1
785,-175.0120973,31.23665083,1,2,1
786,-174.9930719,31.23326759,1,2,1
787,-174.9740676,31.22979986,1,2,1
788,-174.9550853,31.22624799,1,2,1
789,-174.9361251,31.22261187,1,2,1
790,-174.9171878,31.21889167,1,2,1
791,-174.8982739,31.21508747,1,2,1
792,-174.8793839,31.21119942,1,2,1
793,-174.8605182,31.2072276,1,2,1
794,-174.8416774,31.20317217,1,2,1
795,-174.8374159,31.20224254,1,2,1
796,-174.8211217,31.198653,1,2,1
797,-174.8023323,31.19443064,1,2,1
798,-174.7835694,31.19012488,1,2,1
799,-174.7648335,31.18573598,1,2,1
800,-174.7461249,31.18126401,1,2,1
801,-174.7274445,31.17670903,1,2,1
802,-174.7087924,31.17207131,1,2,1
803,-174.6901695,31.1673509,1,2,1
804,-174.6715759,31.16254788,1,2,1
805,-174.6530124,31.1576624,1,2,1
806,-174.6344794,31.15269472,1,2,1
807,-174.6159774,31.14764482,1,2,1
808,-174.5975069,31.14251294,1,2,1
809,-174.5790685,31.13729915,1,2,1
810,-174.5606627,31.13200361,1,2,1
811,-174.5422897,31.12662647,1,2,1
812,-174.5239504,31.12116789,1,2,1
813,-174.5056451,31.11562812,1,2,1
814,-174.4873742,31.11000714,1,2,1
815,-174.4691384,31.10430511,1,2,1
816,-174.4509381,31.09852234,1,2,1
817,-174.4327738,31.09265892,1,2,1
818,-174.414646,31.08671491,1,2,1
819,-174.3965551,31.08069064,1,2,1
820,-174.3785018,31.07458609,1,2,1
821,-174.3604863,31.06840159,1,2,1
822,-174.3425093,31.0621373,1,2,1
823,-174.3245712,31.05579327,1,2,1
824,-174.3066726,31.04936976,1,2,1
825,-174.2888138,31.04286692,1,2,1
826,-174.2709954,31.03628499,1,2,1
827,-174.2532179,31.02962411,1,2,1
828,-174.2354816,31.02288437,1,2,1
829,-174.2177872,31.01606608,1,2,1
830,-174.200135,31.00916939,1,2,1
831,-174.1825256,31.00219447,1,2,1
832,-174.1678237,30.99629809,1,2,1
833,-174.1581662,30.99240875,1,2,1
834,-174.1406442,30.98527804,1,2,1
835,-174.1231663,30.97806962,1,2,1
836,-174.1057331,30.97078384,1,2,1
837,-174.088345,30.96342076,1,2,1
838,-174.0710023,30.95598061,1,2,1
839,-174.0537058,30.94846372,1,2,1
840,-174.0364556,30.94087015,1,2,1
841,-174.0192524,30.93320015,1,2,1
842,-174.0020966,30.92545395,1,2,1
843,-173.9849886,30.91763179,1,2,1
844,-173.967929,30.90973382,1,2,1
845,-173.9509181,30.90176019,1,2,1
846,-173.9339565,30.89371132,1,2,1
847,-173.927135,30.89044644,1,2,1
848,-173.9139437,30.88410122,1,2,1
849,-173.897082,30.87590226,1,2,1
850,-173.8802709,30.86762868,1,2,1
851,-173.8635108,30.85928055,1,2,1
852,-173.846802,30.85085826,1,2,1
853,-173.8301452,30.8423619,1,2,1
854,-173.8135406,30.83379177,1,2,1
855,-173.7969888,30.82514812,1,2,1
856,-173.7804901,30.81643118,1,2,1
857,-173.7640451,30.8076412,1,2,1
858,-173.7482811,30.79911916,1,2,1
859,-173.7454757,30.79759508,1,2,1
860,-173.7291393,30.78865968,1,2,1
861,-173.7128579,30.77965185,1,2,1
862,-173.6966319,30.770572,1,2,1
863,-173.6804615,30.76142029,1,2,1
864,-173.673334,30.75735346,1,2,1
865,-173.6640827,30.7520456,1,2,1
866,-173.6480251,30.74275093,1,2,1
867,-173.6320246,30.73338519,1,2,1
868,-173.6160815,30.72394852,1,2,1
869,-173.6001962,30.71444125,1,2,1
870,-173.5843691,30.70486371,1,2,1
871,-173.5686008,30.69521612,1,2,1
872,-173.5528915,30.68549863,1,2,1
873,-173.5372416,30.67571166,1,2,1
874,-173.5216517,30.66585536,1,2,1
875,-173.5061221,30.65593004,1,2,1
876,-173.490653,30.64593603,1,2,1
877,-173.4752451,30.63587348,1,2,1
878,-173.4598987,30.6257428,1,2,1
879,-173.4530635,30.62119541,1,2,1
880,-173.4385473,30.61150657,1,2,1
881,-173.4233256,30.60124032,1,2,1
882,-173.4081665,30.59090664,1,2,1
883,-173.3930705,30.58050585,1,2,1
884,-173.3780379,30.57003828,1,2,1
885,-173.3630691,30.55950416,1,2,1
886,-173.3564339,30.55479889,1,2,1
887,-173.3447859,30.54650507,1,2,1
888,-173.3299462,30.53583872,1,2,1
889,-173.3151714,30.5251067,1,2,1
890,-173.300462,30.51430933,1,2,1
891,-173.2858182,30.50344684,1,2,1
892,-173.2712405,30.49251956,1,2,1
893,-173.2567293,30.48152781,1,2,1
894,-173.2422848,30.47047174,1,2,1
895,-173.2279075,30.45935184,1,2,1
896,-173.2135978,30.44816826,1,2,1
897,-173.1993559,30.43692133,1,2,1
898,-173.1851822,30.42561145,1,2,1
899,-173.1710772,30.41423886,1,2,1
900,-173.1596036,30.40490035,1,2,1
901,-173.1478592,30.39532385,1,2,1
902,-173.1338934,30.38382678,1,2,1
903,-173.1199973,30.37226795,1,2,1
904,-173.106171,30.36064762,1,2,1
905,-173.0924151,30.34896609,1,2,1
906,-173.0787299,30.3372237,1,2,1
907,-173.0651158,30.32542084,1,2,1
908,-173.0515729,30.31355768,1,2,1
909,-173.0381017,30.30163462,1,2,1
910,-173.0247026,30.28965198,1,2,1
911,-173.0113758,30.27761009,1,2,1
912,-172.9981218,30.26550926,1,2,1
913,-172.9849406,30.25334974,1,2,1
914,-172.9718328,30.24113193,1,2,1
915,-172.9587988,30.22885616,1,2,1
916,-172.9458386,30.21652275,1,2,1
917,-172.9329526,30.20413202,1,2,1
918,-172.9201413,30.1916843,1,2,1
919,-172.9074051,30.17917991,1,2,1
920,-172.8947438,30.16661926,1,2,1
921,-172.8821582,30.1540025,1,2,1
922,-172.8696484,30.14133021,1,2,1
923,-172.8572147,30.12860255,1,2,1
924,-172.8498158,30.12096499,1,2,1
925,-172.8432393,30.11414541,1,2,1
926,-172.830959,30.10130818,1,2,1
927,-172.8187556,30.08841663,1,2,1
928,-172.8066296,30.07547109,1,2,1
929,-172.7945812,30.06247196,1,2,1
930,-172.7826107,30.04941958,1,2,1
931,-172.7707184,30.03631426,1,2,1
932,-172.7589045,30.02315633,1,2,1
933,-172.7471693,30.00994629,1,2,1
934,-172.7355133,29.99668429,1,2,1
935,-172.7239365,29.98337075,1,2,1
936,-172.7124392,29.97000606,1,2,1
937,-172.7010218,29.95659057,1,2,1
938,-172.6896845,29.94312459,1,2,1
939,-172.6784275,29.92960854,1,2,1
940,-172.6672512,29.91604273,1,2,1
941,-172.6561558,29.90242751,1,2,1
942,-172.6451416,29.88876328,1,2,1
943,-172.6342087,29.87505036,1,2,1
944,-172.6233575,29.86128917,1,2,1
945,-172.6125884,29.84747996,1,2,1
946,-172.6019012,29.83362321,1,2,1
947,-172.5990331,29.8298781,1,2,1
948,-172.5894393,29.81729276,1,2,1
949,-172.5789175,29.80334202,1,2,1
950,-172.5684785,29.78934473,1,2,1
951,-172.5581227,29.7753013,1,2,1
952,-172.5478503,29.76121215,1,2,1
953,-172.5376615,29.7470776,1,2,1
954,-172.5275565,29.73289808,1,2,1
955,-172.5175355,29.7186739,1,2,1
956,-172.5075989,29.70440548,1,2,1
957,-172.4977467,29.69009315,1,2,1
958,-172.4879793,29.67573733,1,2,1
959,-172.4782968,29.66133834,1,2,1
960,-172.4686995,29.64689669,1,2,1
961,-172.4591876,29.63241253,1,2,1
962,-172.4497612,29.61788644,1,2,1
963,-172.4404208,29.60331869,1,2,1
964,-172.4311662,29.58870976,1,2,1
965,-172.4219978,29.57405998,1,2,1
966,-172.4129159,29.55936961,1,2,1
967,-172.4039206,29.54463922,1,2,1
968,-172.3950121,29.52986916,1,2,1
969,-172.3861905,29.51505975,1,2,1
970,-172.3774562,29.5002114,1,2,1
971,-172.3688093,29.48532446,1,2,1
972,-172.3602499,29.47039941,1,2,1
973,-172.3517782,29.45543661,1,2,1
974,-172.3433944,29.44043637,1,2,1
975,-172.3350987,29.42539911,1,2,1
976,-172.3268914,29.41032527,1,2,1
977,-172.3187725,29.39521524,1,2,1
978,-172.3107421,29.38006945,1,2,1
979,-172.3028006,29.36488816,1,2,1
980,-172.2949481,29.34967186,1,2,1
981,-172.2871847,29.33442089,1,2,1
982,-172.2795105,29.31913566,1,2,1
983,-172.2719257,29.30381669,1,2,1
984,-172.2644305,29.28846414,1,2,1
985,-172.2570251,29.2730786,1,2,1
986,-172.2497096,29.25766048,1,2,1
987,-172.2424842,29.24220996,1,2,1
988,-172.2353488,29.22672772,1,2,1
989,-172.2283039,29.21121399,1,2,1
990,-172.2213494,29.19566912,1,2,1
991,-172.2144855,29.18009371,1,2,1
992,-172.2077123,29.16448799,1,2,1
993,-172.20103,29.1488524,1,2,1
994,-172.1944387,29.13318736,1,2,1
995,-172.1879386,29.11749329,1,2,1
996,-172.1826857,29.10460682,1,2,1
997,-172.1820262,29.1046792,1,2,1
998,-172.1631457,29.10666539,1,2,1
999,-172.1442535,29.1085662,1,2,1
1000,-172.1253501,29.11038138,1,2,1
1001,-172.1064359,29.1121111,1,2,1
1002,-172.0875116,29.1137552,1,2,1
1003,-172.0685775,29.11531367,1,2,1
1004,-172.0496343,29.11678636,1,2,1
1005,-172.0306824,29.11817342,1,2,1
1006,-172.0117224,29.1194747,1,2,1
1007,-171.9927548,29.12069012,1,2,1
1008,-171.9737801,29.12181976,1,2,1
1009,-171.9547988,29.12286353,1,2,1
1010,-171.9358114,29.12382136,1,2,1
1011,-171.9168185,29.12469333,1,2,1
1012,-171.8978206,29.12547926,1,2,1
1013,-171.8788183,29.12617935,1,2,1
1014,-171.8598118,29.12679333,1,2,1
1015,-171.8408021,29.12732136,1,2,1
1016,-171.8217892,29.12776338,1,2,1
1017,-171.8027741,29.12811937,1,2,1
1018,-171.7837569,29.12838935,1,2,1
1019,-171.7647385,29.1285733,1,2,1
1020,-171.7457192,29.12867115,1,2,1
1021,-171.7336025,29.12868854,1,2,1
1022,-171.7145829,29.12864558,1,2,1
1023,-171.6955639,29.12851642,1,2,1
1024,-171.6765459,29.12830133,1,2,1
1025,-171.6575294,29.12800013,1,2,1
1026,-171.638515,29.12761291,1,2,1
1027,-171.6195033,29.12713966,1,2,1
1028,-171.6004947,29.12658049,1,2,1
1029,-171.5814896,29.1259352,1,2,1
1030,-171.5624889,29.12520397,1,2,1
1031,-171.5434926,29.1243868,1,2,1
1032,-171.5245018,29.12348369,1,2,1
1033,-171.5055165,29.12249463,1,2,1
1034,-171.4865376,29.12141971,1,2,1
1035,-171.4834504,29.1212367,1,2,1
1036,-171.4782542,29.12093383,1,2,1
1037,-171.4592821,29.11977305,1,2,1
1038,-171.4403173,29.11852648,1,2,1
1039,-171.4213603,29.11719404,1,2,1
1040,-171.4024115,29.11577591,1,2,1
1041,-171.3834717,29.11427207,1,2,1
1042,-171.3645412,29.11268252,1,2,1
1043,-171.3456206,29.11100735,1,2,1
1044,-171.3267103,29.10924664,1,2,1
1045,-171.307811,29.10740039,1,2,1
1046,-171.288923,29.10546858,1,2,1
1047,-171.2700471,29.10345139,1,2,1
1048,-171.2511836,29.10134882,1,2,1
1049,-171.2323331,29.09916094,1,2,1
1050,-171.2134961,29.09688776,1,2,1
1051,-171.194673,29.09452943,1,2,1
1052,-171.1917499,29.09415539,1,2,1
1053,-171.17551,29.09204053,1,2,1
1054,-171.1567164,29.08951199,1,2,1
1055,-171.1379385,29.08689846,1,2,1
1056,-171.1191767,29.08420003,1,2,1
1057,-171.1004314,29.08141668,1,2,1
1058,-171.0817031,29.07854859,1,2,1
1059,-171.0629925,29.07559583,1,2,1
1060,-171.0443,29.07255849,1,2,1
1061,-171.025626,29.06943655,1,2,1
1062,-171.0069712,29.06623019,1,2,1
1063,-170.988336,29.06293948,1,2,1
1064,-170.9697209,29.0595645,1,2,1
1065,-170.9511266,29.05610534,1,2,1
1066,-170.9325532,29.05256206,1,2,1
1067,-170.9140017,29.04893492,1,2,1
1068,-170.8954722,29.04522382,1,2,1
1069,-170.8769654,29.04142894,1,2,1
1070,-170.8584818,29.03755034,1,2,1
1071,-170.8400218,29.0335882,1,2,1
1072,-170.8215859,29.02954259,1,2,1
1073,-170.8031748,29.02541367,1,2,1
1074,-170.7847888,29.02120152,1,2,1
1075,-170.7664285,29.01690621,1,2,1
1076,-170.7480943,29.01252784,1,2,1
1077,-170.7297869,29.00806663,1,2,1
1078,-170.7115065,29.00352268,1,2,1
1079,-170.6932538,28.99889615,1,2,1
1080,-170.6750292,28.99418701,1,2,1
1081,-170.6568333,28.98939553,1,2,1
1082,-170.6386665,28.98452169,1,2,1
1083,-170.6205293,28.97956583,1,2,1
1084,-170.6024223,28.97452803,1,2,1
1085,-170.5843458,28.96940826,1,2,1
1086,-170.5663003,28.96420688,1,2,1
1087,-170.5482866,28.95892385,1,2,1
1088,-170.5303048,28.95355945,1,2,1
1089,-170.5123556,28.94811382,1,2,1
1090,-170.4944394,28.94258703,1,2,1
1091,-170.4765567,28.93697918,1,2,1
1092,-170.458708,28.93129058,1,2,1
1093,-170.4408937,28.92552132,1,2,1
1094,-170.4231144,28.91967155,1,2,1
1095,-170.4053705,28.91374143,1,2,1
1096,-170.3876625,28.90773113,1,2,1
1097,-170.3699909,28.90164072,1,2,1
1098,-170.3523562,28.89547053,1,2,1
1099,-170.3347588,28.88922064,1,2,1
1100,-170.3171991,28.8828912,1,2,1
1101,-170.2996778,28.87648247,1,2,1
1102,-170.2821952,28.86999451,1,2,1
1103,-170.2647517,28.86342758,1,2,1
1104,-170.2473478,28.85678183,1,2,1
1105,-170.2299842,28.85005741,1,2,1
1106,-170.2126612,28.84325459,1,2,1
1107,-170.1953792,28.83637351,1,2,1
1108,-170.1781387,28.82941425,1,2,1
1109,-170.1644124,28.82379795,1,2,1
1110,-170.1562703,28.82288826,1,2,1
1111,-170.13747,28.82070106,1,2,1
1112,-170.1186832,28.81842866,1,2,1
1113,-170.0999102,28.81607107,1,2,1
1114,-170.0811518,28.81362837,1,2,1
1115,-170.0624084,28.81110054,1,2,1
1116,-170.0436804,28.80848784,1,2,1
1117,-170.0249685,28.80579027,1,2,1
1118,-170.006273,28.80300782,1,2,1
1119,-169.9875946,28.80014057,1,2,1
1120,-169.9689337,28.79718878,1,2,1
1121,-169.9502908,28.79415234,1,2,1
1122,-169.9316665,28.79103135,1,2,1
1123,-169.9130612,28.78782596,1,2,1
1124,-169.8944755,28.78453626,1,2,1
1125,-169.8759098,28.78116233,1,2,1
1126,-169.8573647,28.77770424,1,2,1
1127,-169.8388407,28.77416207,1,2,1
1128,-169.8203382,28.770536,1,2,1
1129,-169.8018578,28.76682609,1,2,1
1130,-169.7834,28.76303234,1,2,1
1131,-169.7649653,28.75915492,1,2,1
1132,-169.7465541,28.75519407,1,2,1
1133,-169.728167,28.7511497,1,2,1
1134,-169.7098044,28.74702198,1,2,1
1135,-169.691467,28.74281107,1,2,1
1136,-169.6731551,28.73851713,1,2,1
1137,-169.6548693,28.73414007,1,2,1
1138,-169.63661,28.72968022,1,2,1
1139,-169.6183779,28.72513766,1,2,1
1140,-169.6001732,28.72051248,1,2,1
1141,-169.5819966,28.71580473,1,2,1
1142,-169.5638484,28.71101469,1,2,1
1143,-169.5457294,28.70614241,1,2,1
1144,-169.5276398,28.70118798,1,2,1
1145,-169.5095803,28.69615165,1,2,1
1146,-169.4915512,28.69103349,1,2,1
1147,-169.4735531,28.68583358,1,2,1
1148,-169.4555864,28.68055217,1,2,1
1149,-169.4376517,28.67518933,1,2,1
1150,-169.4197495,28.66974532,1,2,1
1151,-169.4018801,28.66422011,1,2,1
1152,-169.3840441,28.65861396,1,2,1
1153,-169.366242,28.65292704,1,2,1
1154,-169.3484742,28.64715949,1,2,1
1155,-169.3307411,28.6413114,1,2,1
1156,-169.3130435,28.63538302,1,2,1
1157,-169.2953816,28.62937442,1,2,1
1158,-169.2777559,28.62328584,1,2,1
1159,-169.260167,28.61711745,1,2,1
1160,-169.2426152,28.61086932,1,2,1
1161,-169.2251011,28.60454179,1,2,1
1162,-169.207625,28.59813485,1,2,1
1163,-169.1901877,28.59164873,1,2,1
1164,-169.1727893,28.58508369,1,2,1
1165,-169.1554305,28.57843989,1,2,1
1166,-169.1381117,28.57171739,1,2,1
1167,-169.1208332,28.56491646,1,2,1
1168,-169.1035958,28.55803724,1,2,1
1169,-169.0863997,28.55108008,1,2,1
1170,-169.0692454,28.54404495,1,2,1
1171,-169.0521333,28.53693211,1,2,1
1172,-169.035064,28.52974188,1,2,1
1173,-169.0180379,28.52247425,1,2,1
1174,-169.0010554,28.51512956,1,2,1
1175,-168.9841171,28.50770797,1,2,1
1176,-168.9672232,28.50020971,1,2,1
1177,-168.9503743,28.49263496,1,2,1
1178,-168.9335709,28.48498386,1,2,1
1179,-168.9168133,28.47725667,1,2,1
1180,-168.9001021,28.46945362,1,2,1
1181,-168.8834375,28.46157498,1,2,1
1182,-168.8668203,28.4536208,1,2,1
1183,-168.8502506,28.44559142,1,2,1
1184,-168.833729,28.43748708,1,2,1
1185,-168.8172559,28.42930787,1,2,1
1186,-168.8008317,28.4210541,1,2,1
1187,-168.7844569,28.41272593,1,2,1
1188,-168.7681319,28.40432371,1,2,1
1189,-168.7518571,28.39584758,1,2,1
1190,-168.735633,28.38729772,1,2,1
1191,-168.7194599,28.37867443,1,2,1
1192,-168.7033384,28.36997798,1,2,1
1193,-168.6872688,28.36120852,1,2,1
1194,-168.6712514,28.35236639,1,2,1
1195,-168.6552869,28.34345164,1,2,1
1196,-168.6393755,28.33446471,1,2,1
1197,-168.6235177,28.32540575,1,2,1
1198,-168.607714,28.31627509,1,2,1
1199,-168.5919646,28.3070728,1,2,1
1200,-168.5834366,28.30203391,1,2,1
1201,-168.5763275,28.30305108,1,2,1
1202,-168.557683,28.30563151,1,2,1
1203,-168.5390233,28.30812701,1,2,1
1204,-168.5203489,28.3105375,1,2,1
1205,-168.5016604,28.3128629,1,2,1
1206,-168.4829582,28.31510313,1,2,1
1207,-168.4642428,28.31725811,1,2,1
1208,-168.4455147,28.31932793,1,2,1
1209,-168.4267745,28.32131233,1,2,1
1210,-168.4080226,28.3232114,1,2,1
1211,-168.3892597,28.32502506,1,2,1
1212,-168.3704862,28.32675323,1,2,1
1213,-168.3517025,28.32839591,1,2,1
1214,-168.3329093,28.32995294,1,2,1
1215,-168.3141069,28.33142439,1,2,1
1216,-168.295296,28.33281019,1,2,1
1217,-168.276477,28.33411035,1,2,1
1218,-168.2576506,28.33532468,1,2,1
1219,-168.2388171,28.33645328,1,2,1
1220,-168.2199771,28.33749616,1,2,1
1221,-168.2011311,28.33845313,1,2,1
1222,-168.1822796,28.3393243,1,2,1
1223,-168.1634231,28.34010966,1,2,1
1224,-168.1445622,28.34080903,1,2,1
1225,-168.1256974,28.34142251,1,2,1
1226,-168.1068292,28.34195011,1,2,1
1227,-168.087958,28.34239172,1,2,1
1228,-168.0690844,28.34274736,1,2,1
1229,-168.050209,28.34301712,1,2,1
1230,-168.0313323,28.34320081,1,2,1
1231,-168.0124546,28.34329861,1,2,1
1232,-168.0004282,28.34331605,1,2,1
1233,-167.9815503,28.34327311,1,2,1
1234,-167.9626729,28.3431441,1,2,1
1235,-167.9437965,28.34292912,1,2,1
1236,-167.9249218,28.34262826,1,2,1
1237,-167.9060491,28.34224142,1,2,1
1238,-167.8871789,28.3417686,1,2,1
1239,-167.8683118,28.34120981,1,2,1
1240,-167.8494483,28.34056512,1,2,1
1241,-167.830589,28.33983454,1,2,1
1242,-167.8117342,28.33901807,1,2,1
1243,-167.7928847,28.33811579,1,2,1
1244,-167.7740409,28.33712761,1,2,1
1245,-167.7630458,28.33651121,1,2,1
1246,-167.7550421,28.33604441,1,2,1
1247,-167.7362111,28.33488469,1,2,1
1248,-167.7173873,28.33363915,1,2,1
1249,-167.6985712,28.33230796,1,2,1
1250,-167.6797634,28.33089103,1,2,1
1251,-167.6609643,28.32938854,1,2,1
1252,-167.6421744,28.3278004,1,2,1
1253,-167.6233943,28.32612667,1,2,1
1254,-167.6046246,28.32436746,1,2,1
1255,-167.5858656,28.32252284,1,2,1
1256,-167.567118,28.32059282,1,2,1
1257,-167.5483821,28.31857737,1,2,1
1258,-167.5296586,28.3164766,1,2,1
1259,-167.510948,28.31429066,1,2,1
1260,-167.4922506,28.31201946,1,2,1
1261,-167.4735671,28.30966327,1,2,1
1262,-167.454898,28.3072219,1,2,1
1263,-167.4362438,28.3046956,1,2,1
1264,-167.417605,28.30208429,1,2,1
1265,-167.398982,28.29938822,1,2,1
1266,-167.3803754,28.2966073,1,2,1
1267,-167.3617858,28.29374178,1,2,1
1268,-167.3432136,28.29079157,1,2,1
1269,-167.3246593,28.28775684,1,2,1
1270,-167.3061234,28.28463758,1,2,1
1271,-167.2876063,28.28143404,1,2,1
1272,-167.2691087,28.27814613,1,2,1
1273,-167.2506311,28.2747741,1,2,1
1274,-167.2321739,28.27131796,1,2,1
1275,-167.2137376,28.26777777,1,2,1
1276,-167.1953228,28.26415361,1,2,1
1277,-167.1769298,28.26044574,1,2,1
1278,-167.1585593,28.25665407,1,2,1
1279,-167.1402118,28.25277885,1,2,1
1280,-167.1218877,28.24882015,1,2,1
1281,-167.1035874,28.24477806,1,2,1
1282,-167.0853116,28.24065256,1,2,1
1283,-167.0670607,28.236444,1,2,1
1284,-167.0488351,28.23215236,1,2,1
1285,-167.0306355,28.22777773,1,2,1
1286,-167.0124623,28.22332035,1,2,1
1287,-166.9943159,28.21878023,1,2,1
1288,-166.9761968,28.21415751,1,2,1
1289,-166.9581057,28.20945237,1,2,1
1290,-166.9400429,28.20466497,1,2,1
1291,-166.922009,28.1997953,1,2,1
1292,-166.9040043,28.19484361,1,2,1
1293,-166.8860294,28.18980997,1,2,1
1294,-166.8680849,28.18469448,1,2,1
1295,-166.8501711,28.17949745,1,2,1
1296,-166.8322885,28.17421889,1,2,1
1297,-166.8144377,28.16885895,1,2,1
1298,-166.7966191,28.16341771,1,2,1
1299,-166.792687,28.16220482,1,2,1
1300,-166.777765,28.15756558,1,2,1
1301,-166.7600123,28.15196248,1,2,1
1302,-166.7422932,28.14627857,1,2,1
1303,-166.7246082,28.140514,1,2,1
1304,-166.7069579,28.13466904,1,2,1
1305,-166.6893427,28.12874376,1,2,1
1306,-166.6717629,28.1227384,1,2,1
1307,-166.6542192,28.11665296,1,2,1
1308,-166.6367119,28.11048785,1,2,1
1309,-166.6192416,28.10424298,1,2,1
1310,-166.6018086,28.09791869,1,2,1
1311,-166.5844136,28.09151513,1,2,1
1312,-166.5670569,28.08503238,1,2,1
1313,-166.549739,28.07847078,1,2,1
1314,-166.5324604,28.07183031,1,2,1
1315,-166.5152216,28.06511132,1,2,1
1316,-166.4980228,28.05831386,1,2,1
1317,-166.4808647,28.05143828,1,2,1
1318,-166.4637478,28.04448457,1,2,1
1319,-166.4466724,28.03745305,1,2,1
1320,-166.429639,28.0303439,1,2,1
1321,-166.412648,28.02315718,1,2,1
1322,-166.3956999,28.01589332,1,2,1
1323,-166.3787952,28.0085523,1,2,1
1324,-166.3619343,28.00113446,1,2,1
1325,-166.3451177,27.99363995,1,2,1
1326,-166.3283458,27.98606894,1,2,1
1327,-166.311619,27.97842168,1,2,1
1328,-166.2949378,27.97069833,1,2,1
1329,-166.2783025,27.96289912,1,2,1
1330,-166.2617138,27.95502432,1,2,1
1331,-166.2451719,27.94707408,1,2,1
1332,-166.2286774,27.93904864,1,2,1
1333,-166.2122306,27.93094817,1,2,1
1334,-166.195832,27.922773,1,2,1
1335,-166.1794821,27.91452321,1,2,1
1336,-166.1631813,27.90619912,1,2,1
1337,-166.1469299,27.8978009,1,2,1
1338,-166.1307284,27.88932888,1,2,1
1339,-166.1145771,27.88078313,1,2,1
1340,-166.1068171,27.87664138,1,2,1
1341,-166.0982624,27.87204929,1,2,1
1342,-166.0822132,27.86335699,1,2,1
1343,-166.0662156,27.85459171,1,2,1
1344,-166.05027,27.84575369,1,2,1
1345,-166.0343768,27.83684317,1,2,1
1346,-166.0185364,27.8278604,1,2,1
1347,-166.0027493,27.81880572,1,2,1
1348,-165.9870159,27.80967919,1,2,1
1349,-165.9713365,27.80048125,1,2,1
1350,-165.9557117,27.79121195,1,2,1
1351,-165.9401416,27.78187173,1,2,1
1352,-165.9246269,27.77246064,1,2,1
1353,-165.9091679,27.76297912,1,2,1
1354,-165.8937649,27.75342733,1,2,1
1355,-165.8784184,27.74380559,1,2,1
1356,-165.8631289,27.73411406,1,2,1
1357,-165.8628836,27.7339577,1,2,1
1358,-165.8476879,27.72422016,1,2,1
1359,-165.8325133,27.71438996,1,2,1
1360,-165.8173966,27.70449081,1,2,1
1361,-165.8023385,27.69452294,1,2,1
1362,-165.7873392,27.68448669,1,2,1
1363,-165.7723991,27.67438223,1,2,1
1364,-165.7575186,27.66420996,1,2,1
1365,-165.7558761,27.66308048,1,2,1
1366,-165.7424251,27.65378226,1,2,1
1367,-165.7276649,27.64347511,1,2,1
1368,-165.7129655,27.63310082,1,2,1
1369,-165.6983272,27.62265971,1,2,1
1370,-165.6837503,27.61215212,1,2,1
1371,-165.6692354,27.60157838,1,2,1
1372,-165.6547826,27.59093866,1,2,1
1373,-165.6403924,27.58023327,1,2,1
1374,-165.6260652,27.56946257,1,2,1
1375,-165.6118012,27.55862671,1,2,1
1376,-165.597601,27.5477261,1,2,1
1377,-165.5834647,27.536761,1,2,1
1378,-165.5693929,27.52573174,1,2,1
1379,-165.5553859,27.51463848,1,2,1
1380,-165.5414439,27.50348164,1,2,1
1381,-165.5275673,27.49226155,1,2,1
1382,-165.5137565,27.48097838,1,2,1
1383,-165.5000119,27.46963245,1,2,1
1384,-165.4863339,27.45822419,1,2,1
1385,-165.4727225,27.44675376,1,2,1
1386,-165.4591784,27.43522159,1,2,1
1387,-165.4457017,27.42362782,1,2,1
1388,-165.432293,27.41197297,1,2,1
1389,-165.4189524,27.40025711,1,2,1
1390,-165.4056802,27.38848076,1,2,1
1391,-165.3924769,27.37664415,1,2,1
1392,-165.3793428,27.36474763,1,2,1
1393,-165.3662782,27.35279143,1,2,1
1394,-165.3532834,27.3407759,1,2,1
1395,-165.3403587,27.32870146,1,2,1
1396,-165.3275044,27.31656827,1,2,1
1397,-165.3147208,27.30437675,1,2,1
1398,-165.3020084,27.29212723,1,2,1
1399,-165.2893674,27.27981997,1,2,1
1400,-165.2767981,27.26745539,1,2,1
1401,-165.2643008,27.25503373,1,2,1
1402,-165.2518757,27.24255533,1,2,1
1403,-165.2395234,27.23002052,1,2,1
1404,-165.2272438,27.21742974,1,2,1
1405,-165.2150376,27.20478314,1,2,1
1406,-165.2029049,27.19208123,1,2,1
1407,-165.1908459,27.17932417,1,2,1
1408,-165.178861,27.16651247,1,2,1
1409,-165.1669505,27.15364639,1,2,1
1410,-165.1551147,27.14072617,1,2,1
1411,-165.1433539,27.12775233,1,2,1
1412,-165.1316682,27.1147251,1,2,1
1413,-165.1200581,27.10164484,1,2,1
1414,-165.1085238,27.08851196,1,2,1
1415,-165.0970655,27.07532672,1,2,1
1416,-165.0856837,27.06208954,1,2,1
1417,-165.0773212,27.05225999,1,2,1
1418,-165.0666345,27.0490773,1,2,1
1419,-165.0489624,27.04372362,1,2,1
1420,-165.0313221,27.03828887,1,2,1
1421,-165.013714,27.03277304,1,2,1
1422,-164.9961385,27.02717648,1,2,1
1423,-164.9785964,27.02149917,1,2,1
1424,-164.9610877,27.01574136,1,2,1
1425,-164.9436133,27.00990314,1,2,1
1426,-164.9261734,27.00398466,1,2,1
1427,-164.9087685,26.99798619,1,2,1
1428,-164.8913991,26.99190788,1,2,1
1429,-164.8740658,26.98574972,1,2,1
1430,-164.8567689,26.97951205,1,2,1
1431,-164.8395088,26.97319504,1,2,1
1432,-164.8368956,26.97223044,1,2,1
1433,-164.8220125,26.96669767,1,2,1
1434,-164.8048276,26.96022237,1,2,1
1435,-164.787681,26.95366814,1,2,1
1436,-164.7744665,26.94855302,1,2,1
1437,-164.7694017,26.94657962,1,2,1
1438,-164.7615989,26.94352317,1,2,1
1439,-164.7561869,26.94150289,1,2,1
1440,-164.7390057,26.93502773,1,2,1
1441,-164.7218629,26.9284737,1,2,1
1442,-164.7070044,26.92271179,1,2,1
1443,-164.7016287,26.9227197,1,2,1
1444,-164.6829931,26.92267672,1,2,1
1445,-164.6643578,26.92254797,1,2,1
1446,-164.6457237,26.92233343,1,2,1
1447,-164.627091,26.92203295,1,2,1
1448,-164.6084604,26.92164668,1,2,1
1449,-164.5898323,26.92117464,1,2,1
1450,-164.5712072,26.92061672,1,2,1
1451,-164.5525857,26.91997312,1,2,1
1452,-164.5339682,26.91924364,1,2,1
1453,-164.5153553,26.91842846,1,2,1
1454,-164.4967475,26.91752759,1,2,1
1455,-164.4781451,26.91654093,1,2,1
1456,-164.4595489,26.91546865,1,2,1
1457,-164.4409593,26.91431076,1,2,1
1458,-164.4223767,26.91306716,1,2,1
1459,-164.4038017,26.91173803,1,2,1
1460,-164.3852348,26.91032337,1,2,1
1461,-164.3666765,26.90882316,1,2,1
1462,-164.3481273,26.90723759,1,2,1
1463,-164.3295876,26.90556647,1,2,1
1464,-164.3110582,26.90381007,1,2,1
1465,-164.2925392,26.9019683,1,2,1
1466,-164.2740315,26.90004123,1,2,1
1467,-164.2555352,26.89802895,1,2,1
1468,-164.2370511,26.89593147,1,2,1
1469,-164.2185797,26.89374894,1,2,1
1470,-164.2001213,26.89148128,1,2,1
1471,-164.1816765,26.88912866,1,2,1
1472,-164.1632459,26.88669117,1,2,1
1473,-164.1448299,26.8841687,1,2,1
1474,-164.1264289,26.88156152,1,2,1
1475,-164.1080436,26.87886963,1,2,1
1476,-164.0896744,26.87609301,1,2,1
1477,-164.0713218,26.87323193,1,2,1
1478,-164.0529863,26.87028629,1,2,1
1479,-164.0346683,26.86725618,1,2,1
1480,-164.0163685,26.86414176,1,2,1
1481,-163.9980873,26.86094312,1,2,1
1482,-163.9798251,26.85766034,1,2,1
1483,-163.9615824,26.8542935,1,2,1
1484,-163.9433599,26.85084259,1,2,1
1485,-163.9251578,26.84730788,1,2,1
1486,-163.906977,26.84368926,1,2,1
1487,-163.8888175,26.83998708,1,2,1
1488,-163.8706801,26.83620124,1,2,1
1489,-163.8525653,26.83233192,1,2,1
1490,-163.8344734,26.82837919,1,2,1
1491,-163.8164051,26.82434323,1,2,1
1492,-163.7983607,26.82022402,1,2,1
1493,-163.7803407,26.81602183,1,2,1
1494,-163.7623458,26.81173663,1,2,1
1495,-163.7443762,26.8073687,1,2,1
1496,-163.7264326,26.80291802,1,2,1
1497,-163.7085154,26.79838475,1,2,1
1498,-163.690625,26.79376899,1,2,1
1499,-163.672762,26.78907088,1,2,1
1500,-163.654927,26.78429061,1,2,1
1501,-163.6371201,26.77942825,1,2,1
1502,-163.6193421,26.77448388,1,2,1
1503,-163.6015933,26.76945776,1,2,1
1504,-163.5838743,26.76434995,1,2,1
1505,-163.5661856,26.75916055,1,2,1
1506,-163.5485275,26.75388981,1,2,1
1507,-163.5309006,26.7485378,1,2,1
1508,-163.5133053,26.74310469,1,2,1
1509,-163.4957422,26.73759055,1,2,1
1510,-163.4782116,26.73199565,1,2,1
1511,-163.4607141,26.72632006,1,2,1
1512,-163.4432502,26.72056395,1,2,1
1513,-163.4258202,26.71472756,1,2,1
1514,-163.4084245,26.7088109,1,2,1
1515,-163.391064,26.7028142,1,2,1
1516,-163.3737387,26.69673764,1,2,1
1517,-163.3564493,26.69058139,1,2,1
1518,-163.3391962,26.6843456,1,2,1
1519,-163.3219797,26.67803036,1,2,1
1520,-163.3048007,26.671636,1,2,1
1521,-163.2876591,26.6651626,1,2,1
1522,-163.2705558,26.65861024,1,2,1
1523,-163.253491,26.65197926,1,2,1
1524,-163.2364653,26.64526983,1,2,1
1525,-163.2194791,26.63848201,1,2,1
1526,-163.2025328,26.63161616,1,2,1
1527,-163.1856268,26.62467225,1,2,1
1528,-163.1687617,26.61765063,1,2,1
1529,-163.151938,26.61055138,1,2,1
1530,-163.1351558,26.60337483,1,2,1
1531,-163.118416,26.59612097,1,2,1
1532,-163.1017186,26.58879024,1,2,1
1533,-163.0850643,26.58138261,1,2,1
1534,-163.0684536,26.57389843,1,2,1
1535,-163.0518868,26.56633787,1,2,1
1536,-163.0353642,26.55870116,1,2,1
1537,-163.0188866,26.55098839,1,2,1
1538,-163.0024541,26.54319982,1,2,1
1539,-163.0000018,26.54202313,1,2,1
1540,-163.0000023,24.1206885,1,2,1
1541,-161.74242,23.88042,1,2,1
1542,-161.68679,23.86839,1,2,1
1543,-161.6321,23.85316,1,2,1
1544,-161.57857,23.83478,1,2,1
1545,-161.52642,23.81332,1,2,1
1546,-161.47586,23.78888,1,2,1
1547,-161.42708,23.76155,1,2,1
1548,-161.38029,23.73144,1,2,1
1549,-161.33566,23.69868,1,2,1
1550,-161.29337,23.66338,1,2,1
1551,-161.2536,23.6257,1,2,1
1552,-161.2165,23.58578,1,2,1
1553,-161.18221,23.54379,1,2,1
1554,-161.15087,23.49989,1,2,1
1555,-161.1226,23.45425,1,2,1
1556,-161.09751,23.40707,1,2,1
1557,-161.07569,23.35851,1,2,1
1558,-161.05724,23.30879,1,2,1
1559,-161.04221,23.25809,1,2,1
1560,-161.03067,23.20662,1,2,1
1561,-161.02266,23.15458,1,2,1
1562,-161.0182,23.10217,1,2,1
1563,-161.0173,23.04961,1,2,1
1564,-161.01998,22.99711,1,2,1
1565,-161.0262,22.94485,1,2,1
1566,-161.03595,22.89307,1,2,1
1567,-161.04919,22.84195,1,2,1
1568,-161.06584,22.7917,1,2,1
1569,-161.08586,22.74252,1,2,1
1570,-161.10915,22.6946,1,2,1
1571,-161.13562,22.64812,1,2,1
1572,-161.16516,22.60327,1,2,1
1573,-161.19766,22.56023,1,2,1
1574,-161.23298,22.51916,1,2,1
1575,-161.27099,22.48022,1,2,1
1576,-161.31153,22.44356,1,2,1
1577,-161.35444,22.40934,1,2,1
1578,-161.39956,22.37767,1,2,1
1579,-161.44671,22.34869,1,2,1
1580,-161.49571,22.3225,1,2,1
1581,-161.54635,22.29922,1,2,1
1582,-161.59846,22.27892,1,2,1
1583,-161.65181,22.26168,1,2,1
1584,-161.70621,22.24758,1,2,1
1585,-161.76145,22.23667,1,2,1
1586,-161.8173,22.22899,1,2,1
1587,-161.87356,22.22458,1,2,1
1588,-161.93,22.22343,1,2,1
1589,-161.98641,22.22557,1,2,1
1590,-162.04257,22.23099,1,2,1
1591,-162.09098,22.23852,1,2,1
1592,-162.09826,22.23966,1,2,1
1593,-163.0000027,22.41308239,1,2,1
1594,-163.0000033,19.2345832,1,2,1
1595,-163.0040942,19.23824626,1,2,1
1596,-163.0168444,19.24977626,1,2,1
1597,-163.0295358,19.26136566,1,2,1
1598,-163.0421679,19.27301424,1,2,1
1599,-163.0547403,19.28472162,1,2,1
1600,-163.0672529,19.29648768,1,2,1
1601,-163.0797052,19.30831196,1,2,1
1602,-163.092097,19.32019424,1,2,1
1603,-163.104428,19.33213423,1,2,1
1604,-163.1166979,19.34413172,1,2,1
1605,-163.1289062,19.35618624,1,2,1
1606,-163.1410529,19.36829777,1,2,1
1607,-163.1531374,19.38046574,1,2,1
1608,-163.1651596,19.39269012,1,2,1
1609,-163.1771192,19.40497044,1,2,1
1610,-163.1890158,19.4173064,1,2,1
1611,-163.2008492,19.4296978,1,2,1
1612,-163.2126189,19.44214434,1,2,1
1613,-163.2243249,19.45464564,1,2,1
1614,-163.2359667,19.4672014,1,2,1
1615,-163.2475441,19.47981141,1,2,1
1616,-163.2590568,19.49247539,1,2,1
1617,-163.2705045,19.50519284,1,2,1
1618,-163.2818869,19.51796367,1,2,1
1619,-163.2932037,19.53078747,1,2,1
1620,-163.3044546,19.54366397,1,2,1
1621,-163.3156395,19.55659276,1,2,1
1622,-163.3267577,19.56957365,1,2,1
1623,-163.3378094,19.58260634,1,2,1
1624,-163.348794,19.59569034,1,2,1
1625,-163.3597113,19.60882556,1,2,1
1626,-163.3705612,19.6220116,1,2,1
1627,-163.3813431,19.63524807,1,2,1
1628,-163.392057,19.64853477,1,2,1
1629,-163.4027026,19.66187122,1,2,1
1630,-163.4132794,19.67525732,1,2,1
1631,-163.4237874,19.68869257,1,2,1
1632,-163.4342261,19.70217668,1,2,1
1633,-163.4445955,19.71570937,1,2,1
1634,-163.454895,19.72929032,1,2,1
1635,-163.4586211,19.73423814,1,2,1
1636,-163.4666219,19.74490915,1,2,1
1637,-163.4767815,19.7585856,1,2,1
1638,-163.4868705,19.77230925,1,2,1
1639,-163.4968887,19.78607981,1,2,1
1640,-163.506836,19.79989698,1,2,1
1641,-163.516712,19.81376037,1,2,1
1642,-163.5265165,19.8276697,1,2,1
1643,-163.5362491,19.84162466,1,2,1
1644,-163.5459098,19.85562477,1,2,1
1645,-163.5554981,19.86966983,1,2,1
1646,-163.5650139,19.88375955,1,2,1
1647,-163.5744569,19.89789345,1,2,1
1648,-163.583827,19.91207123,1,2,1
1649,-163.5931236,19.92629251,1,2,1
1650,-163.6023469,19.94055708,1,2,1
1651,-163.6114963,19.95486447,1,2,1
1652,-163.6205718,19.96921446,1,2,1
1653,-163.629573,19.9836065,1,2,1
1654,-163.6384997,19.99804047,1,2,1
1655,-163.6473518,20.01251579,1,2,1
1656,-163.6561289,20.02703236,1,2,1
1657,-163.6648309,20.04158961,1,2,1
1658,-163.6734574,20.05618734,1,2,1
1659,-163.6820084,20.07082516,1,2,1
1660,-163.6904834,20.08550268,1,2,1
1661,-163.6988824,20.10021951,1,2,1
1662,-163.7072052,20.11497537,1,2,1
1663,-163.7154513,20.12976995,1,2,1
1664,-163.7236207,20.1446027,1,2,1
1665,-163.7317132,20.15947349,1,2,1
1666,-163.7384073,20.17192452,1,2,1
1667,-163.7413502,20.17353135,1,2,1
1668,-163.7566357,20.18197162,1,2,1
1669,-163.7718781,20.1904826,1,2,1
1670,-163.787077,20.199064,1,2,1
1671,-163.802232,20.20771553,1,2,1
1672,-163.8173428,20.21643707,1,2,1
1673,-163.8324088,20.22522843,1,2,1
1674,-163.84743,20.23408932,1,2,1
1675,-163.8624058,20.24301962,1,2,1
1676,-163.8773359,20.25201906,1,2,1
1677,-163.89222,20.26108752,1,2,1
1678,-163.9070576,20.27022461,1,2,1
1679,-163.9218485,20.27943023,1,2,1
1680,-163.9365922,20.28870419,1,2,1
1681,-163.9512885,20.29804618,1,2,1
1682,-163.9558768,20.30099382,1,2,1
1683,-163.9679809,20.29862786,1,2,1
1684,-163.9853508,20.29531596,1,2,1
1685,-164.0027373,20.29208418,1,2,1
1686,-164.0201398,20.28893261,1,2,1
1687,-164.0375582,20.28586127,1,2,1
1688,-164.054992,20.28287034,1,2,1
1689,-164.0724407,20.27995974,1,2,1
1690,-164.089904,20.27712965,1,2,1
1691,-164.1073814,20.27438008,1,2,1
1692,-164.1248725,20.27171114,1,2,1
1693,-164.1423769,20.26912291,1,2,1
1694,-164.1598942,20.2666153,1,2,1
1695,-164.1774241,20.26418861,1,2,1
1696,-164.1949659,20.26184265,1,2,1
1697,-164.2125196,20.2595777,1,2,1
1698,-164.2300844,20.25739358,1,2,1
1699,-164.2476601,20.25529057,1,2,1
1700,-164.2652462,20.25326858,1,2,1
1701,-164.2828424,20.25132763,1,2,1
1702,-164.3004483,20.24946788,1,2,1
1703,-164.3180633,20.24768936,1,2,1
1704,-164.3356871,20.24599206,1,2,1
1705,-164.3533193,20.24437599,1,2,1
1706,-164.3709594,20.24284123,1,2,1
1707,-164.3886073,20.2413878,1,2,1
1708,-164.4062621,20.24001579,1,2,1
1709,-164.4239237,20.2387252,1,2,1
1710,-164.4415918,20.23751603,1,2,1
1711,-164.4592657,20.23638838,1,2,1
1712,-164.476945,20.23534216,1,2,1
1713,-164.4946295,20.23437746,1,2,1
1714,-164.5123186,20.23349438,1,2,1
1715,-164.5300121,20.23269282,1,2,1
1716,-164.5477094,20.23197289,1,2,1
1717,-164.5654101,20.23133448,1,2,1
1718,-164.5810625,20.23083809,1,2,1
1719,-164.5876429,20.23064062,1,2,1
1720,-164.6016963,20.2302568,1,2,1
1721,-164.6057059,20.23015639,1,2,1
1722,-164.6234144,20.22976285,1,2,1
1723,-164.6411248,20.22945102,1,2,1
1724,-164.6588365,20.22922083,1,2,1
1725,-164.6765491,20.22907235,1,2,1
1726,-164.6942623,20.22900549,1,2,1
1727,-164.7005648,20.22900138,1,2,1
1728,-164.7121738,20.22902036,1,2,1
1729,-164.7298868,20.22911685,1,2,1
1730,-164.7475992,20.22929497,1,2,1
1731,-164.7653104,20.22955481,1,2,1
1732,-164.7830201,20.22989627,1,2,1
1733,-164.8007279,20.23031935,1,2,1
1734,-164.8184333,20.23082415,1,2,1
1735,-164.836136,20.23141049,1,2,1
1736,-164.8538354,20.23207844,1,2,1
1737,-164.8715314,20.23282811,1,2,1
1738,-164.8892233,20.23365921,1,2,1
1739,-164.9069108,20.23457193,1,2,1
1740,-164.9245935,20.23556617,1,2,1
1741,-164.9422708,20.23664193,1,2,1
1742,-164.9599426,20.23779922,1,2,1
1743,-164.9776083,20.23903793,1,2,1
1744,-164.9952675,20.24035815,1,2,1
1745,-165.0129199,20.2417597,1,2,1
1746,-165.0305649,20.24324258,1,2,1
1747,-165.0351192,20.24363861,1,2,1
1748,-165.0491438,20.24488914,1,2,1
1749,-165.066773,20.24653466,1,2,1
1750,-165.0843936,20.2482615,1,2,1
1751,-165.1020054,20.25006955,1,2,1
1752,-165.1196078,20.25195874,1,2,1
1753,-165.1372003,20.25392904,1,2,1
1754,-165.1547827,20.25598046,1,2,1
1755,-165.1723545,20.258113,1,2,1
1756,-165.1899154,20.26032637,1,2,1
1757,-165.2074648,20.26262075,1,2,1
1758,-165.2250023,20.26499606,1,2,1
1759,-165.2425276,20.26745209,1,2,1
1760,-165.2600403,20.26998903,1,2,1
1761,-165.27754,20.2726065,1,2,1
1762,-165.2950261,20.27530478,1,2,1
1763,-165.3124983,20.27808349,1,2,1
1764,-165.3299564,20.28094282,1,2,1
1765,-165.3473998,20.28388256,1,2,1
1766,-165.364828,20.28690273,1,2,1
1767,-165.3822406,20.29000321,1,2,1
1768,-165.3996375,20.29318391,1,2,1
1769,-165.4170179,20.29644474,1,2,1
1770,-165.4343818,20.29978568,1,2,1
1771,-165.4517283,20.30320664,1,2,1
1772,-165.4690574,20.30670751,1,2,1
1773,-165.4863685,20.31028821,1,2,1
1774,-165.4919667,20.31146401,1,2,1
1775,-165.5040086,20.3140219,1,2,1
1776,-165.5212826,20.31776203,1,2,1
1777,-165.5385375,20.32158178,1,2,1
1778,-165.5479786,20.3237177,1,2,1
1779,-165.5486659,20.32361286,1,2,1
1780,-165.5661761,20.32102476,1,2,1
1781,-165.5836993,20.31851735,1,2,1
1782,-165.601235,20.31609083,1,2,1
1783,-165.6187827,20.31374501,1,2,1
1784,-165.6363422,20.31148017,1,2,1
1785,-165.6539129,20.30929623,1,2,1
1786,-165.6714945,20.30719337,1,2,1
1787,-165.6890866,20.30517151,1,2,1
1788,-165.7066885,20.30323074,1,2,1
1789,-165.7243003,20.30137107,1,2,1
1790,-165.7419212,20.29959268,1,2,1
1791,-165.7595509,20.29789539,1,2,1
1792,-165.7771889,20.29627949,1,2,1
1793,-165.794835,20.29474488,1,2,1
1794,-165.8124886,20.29329157,1,2,1
1795,-165.8301494,20.29191965,1,2,1
1796,-165.8478169,20.29062912,1,2,1
1797,-165.8654908,20.28941999,1,2,1
1798,-165.8831705,20.28829244,1,2,1
1799,-165.9008558,20.28724629,1,2,1
1800,-165.9185462,20.28628173,1,2,1
1801,-165.9362412,20.28539867,1,2,1
1802,-165.9539405,20.2845971,1,2,1
1803,-165.9716436,20.28387722,1,2,1
1804,-165.9893503,20.28323884,1,2,1
1805,-166.0070598,20.28268215,1,2,1
1806,-166.0247721,20.28220705,1,2,1
1807,-166.0424866,20.28181365,1,2,1
1808,-166.0602027,20.28150184,1,2,1
1809,-166.0779203,20.28127162,1,2,1
1810,-166.0956389,20.2811231,1,2,1
1811,-166.113358,20.28105627,1,2,1
1812,-166.1310772,20.28107113,1,2,1
1813,-166.1487961,20.28116759,1,2,1
1814,-166.1665144,20.28134574,1,2,1
1815,-166.1842316,20.28160549,1,2,1
1816,-166.2019472,20.28194693,1,2,1
1817,-166.2196609,20.28237006,1,2,1
1818,-166.2373722,20.28287478,1,2,1
1819,-166.2550807,20.2834611,1,2,1
1820,-166.2727861,20.28412902,1,2,1
1821,-166.2904879,20.28487862,1,2,1
1822,-166.3081857,20.28570972,1,2,1
1823,-166.3258791,20.28662231,1,2,1
1824,-166.3435676,20.28761659,1,2,1
1825,-166.361251,20.28869227,1,2,1
1826,-166.3647818,20.28891686,1,2,1
1827,-166.3791487,20.28986346,1,2,1
1828,-166.3968203,20.29110212,1,2,1
1829,-166.4144855,20.29242218,1,2,1
1830,-166.4321437,20.29382363,1,2,1
1831,-166.4497946,20.29530647,1,2,1
1832,-166.4674378,20.29687061,1,2,1
1833,-166.4850729,20.29851604,1,2,1
1834,-166.5026995,20.30024275,1,2,1
1835,-166.5203171,20.30205067,1,2,1
1836,-166.5379253,20.30393977,1,2,1
1837,-166.5555238,20.30590996,1,2,1
1838,-166.573112,20.30796125,1,2,1
1839,-166.5902587,20.31004027,1,2,1
1840,-166.6004104,20.31128176,1,2,1
1841,-166.6179772,20.3134951,1,2,1
1842,-166.6355326,20.31578925,1,2,1
1843,-166.6530762,20.31816439,1,2,1
1844,-166.6706075,20.32062031,1,2,1
1845,-166.6881262,20.32315702,1,2,1
1846,-166.7056318,20.32577434,1,2,1
1847,-166.7231239,20.32847243,1,2,1
1848,-166.7406023,20.33125102,1,2,1
1849,-166.7580663,20.33411009,1,2,1
1850,-166.7755156,20.33704966,1,2,1
1851,-166.7929498,20.34006962,1,2,1
1852,-166.8103685,20.34316986,1,2,1
1853,-166.8277713,20.3463503,1,2,1
1854,-166.8451577,20.34961092,1,2,1
1855,-166.8625275,20.35295164,1,2,1
1856,-166.87988,20.35637234,1,2,1
1857,-166.8972151,20.35987303,1,2,1
1858,-166.9145322,20.36345351,1,2,1
1859,-166.931831,20.36711378,1,2,1
1860,-166.949111,20.37085364,1,2,1
1861,-166.9663718,20.37467309,1,2,1
1862,-166.9763763,20.3769254,1,2,1
1863,-166.9926681,20.38061169,1,2,1
1864,-167.0098895,20.38459006,1,2,1
1865,-167.0270907,20.38864771,1,2,1
1866,-167.0442711,20.39278465,1,2,1
1867,-167.0614302,20.39700068,1,2,1
1868,-167.0785677,20.40129569,1,2,1
1869,-167.0956833,20.4056696,1,2,1
1870,-167.1127765,20.41012239,1,2,1
1871,-167.1298469,20.41465386,1,2,1
1872,-167.1468942,20.41926392,1,2,1
1873,-167.1629814,20.42369241,1,2,1
1874,-167.1773036,20.42757085,1,2,1
1875,-167.194328,20.43225943,1,2,1
1876,-167.2113286,20.43702629,1,2,1
1877,-167.2283047,20.44187143,1,2,1
1878,-167.2452561,20.44679476,1,2,1
1879,-167.2621823,20.45179607,1,2,1
1880,-167.2790829,20.45687536,1,2,1
1881,-167.2959575,20.46203252,1,2,1
1882,-167.3128056,20.46726728,1,2,1
1883,-167.3296271,20.47257962,1,2,1
1884,-167.3464213,20.47796934,1,2,1
1885,-167.3631879,20.48343644,1,2,1
1886,-167.3799267,20.48898063,1,2,1
1887,-167.396637,20.4946019,1,2,1
1888,-167.4133185,20.50030015,1,2,1
1889,-167.429971,20.50607518,1,2,1
1890,-167.4465939,20.5119268,1,2,1
1891,-167.4631868,20.5178549,1,2,1
1892,-167.4797495,20.52385949,1,2,1
1893,-167.4962814,20.52994016,1,2,1
1894,-167.5127822,20.53609702,1,2,1
1895,-167.5292515,20.54232985,1,2,1
1896,-167.5398786,20.54639841,1,2,1
1897,-167.546954,20.54912459,1,2,1
1898,-167.5633591,20.55550878,1,2,1
1899,-167.5797317,20.56196846,1,2,1
1900,-167.5960711,20.56850352,1,2,1
1901,-167.6123772,20.57511377,1,2,1
1902,-167.6286494,20.58179901,1,2,1
1903,-167.6448873,20.58855914,1,2,1
1904,-167.6610908,20.59539404,1,2,1
1905,-167.6772592,20.60230345,1,2,1
1906,-167.6933923,20.60928724,1,2,1
1907,-167.7094896,20.61634532,1,2,1
1908,-167.7255508,20.62347739,1,2,1
1909,-167.7415754,20.63068336,1,2,1
1910,-167.7575632,20.63796312,1,2,1
1911,-167.7735138,20.64531637,1,2,1
1912,-167.7894266,20.65274301,1,2,1
1913,-167.8053015,20.66024285,1,2,1
1914,-167.8211379,20.66781578,1,2,1
1915,-167.8369356,20.67546152,1,2,1
1916,-167.8526941,20.68317994,1,2,1
1917,-167.8684131,20.69097077,1,2,1
1918,-167.8840921,20.698834,1,2,1
1919,-167.8997309,20.70676923,1,2,1
1920,-167.915329,20.71477656,1,2,1
1921,-167.9308862,20.7228555,1,2,1
1922,-167.9464019,20.73100603,1,2,1
1923,-167.9618758,20.73922788,1,2,1
1924,-167.9773076,20.74752093,1,2,1
1925,-167.9926969,20.75588499,1,2,1
1926,-168.0080434,20.76431976,1,2,1
1927,-168.0233465,20.77282514,1,2,1
1928,-168.0386061,20.78140084,1,2,1
1929,-168.0538216,20.79004675,1,2,1
1930,-168.0689929,20.79876267,1,2,1
1931,-168.0841195,20.80754831,1,2,1
1932,-168.0992009,20.81640347,1,2,1
1933,-168.114237,20.82532796,1,2,1
1934,-168.1292272,20.83432166,1,2,1
1935,-168.1441713,20.8433842,1,2,1
1936,-168.1590689,20.85251546,1,2,1
1937,-168.1739197,20.86171525,1,2,1
1938,-168.1887232,20.87098327,1,2,1
1939,-168.2034791,20.88031932,1,2,1
1940,-168.2181871,20.88972331,1,2,1
1941,-168.2328468,20.89919484,1,2,1
1942,-168.2474578,20.90873371,1,2,1
1943,-168.2620199,20.91833982,1,2,1
1944,-168.2765326,20.92801278,1,2,1
1945,-168.2909956,20.93775248,1,2,1
1946,-168.3054086,20.94755864,1,2,1
1947,-168.3197711,20.95743105,1,2,1
1948,-168.3340828,20.96736951,1,2,1
1949,-168.3483436,20.97737364,1,2,1
1950,-168.3625529,20.98744343,1,2,1
1951,-168.3767102,20.99757839,1,2,1
1952,-168.3908156,21.0077785,1,2,1
1953,-168.4048685,21.0180434,1,2,1
1954,-168.4188685,21.02837286,1,2,1
1955,-168.4328154,21.03876661,1,2,1
1956,-168.4467088,21.04922454,1,2,1
1957,-168.4605484,21.05974616,1,2,1
1958,-168.4743337,21.07033146,1,2,1
1959,-168.4880647,21.08098005,1,2,1
1960,-168.5017408,21.09169174,1,2,1
1961,-168.5153615,21.10246633,1,2,1
1962,-168.528927,21.11330333,1,2,1
1963,-168.5424364,21.12420273,1,2,1
1964,-168.5558898,21.13516424,1,2,1
1965,-168.5692866,21.14618747,1,2,1
1966,-168.5826266,21.15727223,1,2,1
1967,-168.5959095,21.16841821,1,2,1
1968,-168.6091348,21.17962531,1,2,1
1969,-168.6223024,21.19089306,1,2,1
1970,-168.6354118,21.20222124,1,2,1
1971,-168.6484628,21.21360976,1,2,1
1972,-168.6614549,21.22505805,1,2,1
1973,-168.674388,21.23656608,1,2,1
1974,-168.6872617,21.24813356,1,2,1
1975,-168.7000756,21.25976002,1,2,1
1976,-168.7128294,21.27144534,1,2,1
1977,-168.7255229,21.28318924,1,2,1
1978,-168.7381557,21.29499142,1,2,1
1979,-168.7507276,21.30685159,1,2,1
1980,-168.763238,21.31876954,1,2,1
1981,-168.7756869,21.3307448,1,2,1
1982,-168.7880739,21.34277726,1,2,1
1983,-168.8003986,21.35486654,1,2,1
1984,-168.8126608,21.36701242,1,2,1
1985,-168.8248601,21.37921454,1,2,1
1986,-168.8369963,21.39147268,1,2,1
1987,-168.849069,21.40378656,1,2,1
1988,-168.8610779,21.41615578,1,2,1
1989,-168.8730228,21.42858006,1,2,1
1990,-168.8849033,21.44105919,1,2,1
1991,-168.8967191,21.45359288,1,2,1
1992,-168.9084701,21.46618075,1,2,1
1993,-168.9201557,21.47882249,1,2,1
1994,-168.9317758,21.49151792,1,2,1
1995,-168.9433301,21.50426664,1,2,1
1996,-168.9548183,21.51706837,1,2,1
1997,-168.9662399,21.52992271,1,2,1
1998,-168.977595,21.54282956,1,2,1
1999,-168.988883,21.55578835,1,2,1
2000,-168.9917749,21.55912936,1,2,1
2001,-169.0005235,21.56928432,1,2,1
2002,-169.0116768,21.58234643,1,2,1
2003,-169.0227621,21.59545969,1,2,1
2004,-169.0337794,21.60862381,1,2,1
2005,-169.0447282,21.62183841,1,2,1
2006,-169.0556084,21.63510318,1,2,1
2007,-169.0664196,21.64841794,1,2,1
2008,-169.0771615,21.66178219,1,2,1
2009,-169.0878339,21.67519566,1,2,1
2010,-169.0984365,21.68865814,1,2,1
2011,-169.1089691,21.70216914,1,2,1
2012,-169.1194313,21.71572848,1,2,1
2013,-169.129823,21.72933577,1,2,1
2014,-169.1401437,21.74299071,1,2,1
2015,-169.1503933,21.75669292,1,2,1
2016,-169.1605715,21.7704421,1,2,1
2017,-169.1706781,21.78423788,1,2,1
2018,-169.1807128,21.79808005,1,2,1
2019,-169.1906752,21.81196814,1,2,1
2020,-169.2005652,21.82590194,1,2,1
2021,-169.2023249,21.82839662,1,2,1
2022,-169.2049251,21.83174095,1,2,1
2023,-169.2153985,21.84529882,1,2,1
2024,-169.217029,21.84743138,1,2,1
2025,-169.22196,21.84904668,1,2,1
2026,-169.2388271,21.85465854,1,2,1
2027,-169.2556652,21.86034711,1,2,1
2028,-169.2724741,21.86611248,1,2,1
2029,-169.2892533,21.87195426,1,2,1
2030,-169.3060024,21.87787253,1,2,1
2031,-169.3227211,21.88386703,1,2,1
2032,-169.3394089,21.88993762,1,2,1
2033,-169.3560655,21.89608414,1,2,1
2034,-169.3726904,21.90230656,1,2,1
2035,-169.3892833,21.90860468,1,2,1
2036,-169.4058438,21.91497832,1,2,1
2037,-169.4223714,21.92142738,1,2,1
2038,-169.4388658,21.92795165,1,2,1
2039,-169.4553267,21.93455094,1,2,1
2040,-169.4717536,21.94122523,1,2,1
2041,-169.488146,21.94797426,1,2,1
2042,-169.5045038,21.9547979,1,2,1
2043,-169.5208264,21.96169605,1,2,1
2044,-169.5371135,21.96866843,1,2,1
2045,-169.5533646,21.97571503,1,2,1
2046,-169.5695795,21.98283555,1,2,1
2047,-169.5857576,21.99002981,1,2,1
2048,-169.6018988,21.99729779,1,2,1
2049,-169.6180025,22.00463919,1,2,1
2050,-169.6340682,22.01205383,1,2,1
2051,-169.6500959,22.0195416,1,2,1
2052,-169.666085,22.02710231,1,2,1
2053,-169.682035,22.03473584,1,2,1
2054,-169.6979458,22.04244191,1,2,1
2055,-169.7138168,22.05022033,1,2,1
2056,-169.7296477,22.05807099,1,2,1
2057,-169.745438,22.06599378,1,2,1
2058,-169.7611876,22.07398832,1,2,1
2059,-169.776896,22.08205451,1,2,1
2060,-169.7925627,22.09019215,1,2,1
2061,-169.8081875,22.09840113,1,2,1
2062,-169.8237699,22.10668117,1,2,1
2063,-169.8393096,22.11503207,1,2,1
2064,-169.8548062,22.12345372,1,2,1
2065,-169.8702593,22.13194583,1,2,1
2066,-169.8856686,22.1405083,1,2,1
2067,-169.9010338,22.14914074,1,2,1
2068,-169.9163544,22.15784315,1,2,1
2069,-169.93163,22.16661523,1,2,1
2070,-169.9468604,22.17545678,1,2,1
2071,-169.962045,22.1843677,1,2,1
2072,-169.9771837,22.19334751,1,2,1
2073,-169.9922759,22.20239629,1,2,1
2074,-170.0065278,22.21103273,1,2,1
2075,-170.0157995,22.2095535,1,2,1
2076,-170.0335073,22.20681083,1,2,1
2077,-170.0512289,22.20414854,1,2,1
2078,-170.0689639,22.20156674,1,2,1
2079,-170.086712,22.1990655,1,2,1
2080,-170.1044725,22.19664476,1,2,1
2081,-170.1222453,22.19430478,1,2,1
2082,-170.1400298,22.19204539,1,2,1
2083,-170.1578256,22.18986687,1,2,1
2084,-170.1756324,22.18776913,1,2,1
2085,-170.1934496,22.18575217,1,2,1
2086,-170.2112769,22.18381619,1,2,1
2087,-170.2291139,22.18196108,1,2,1
2088,-170.2469603,22.18018705,1,2,1
2089,-170.2648154,22.178494,1,2,1
2090,-170.282679,22.17688194,1,2,1
2091,-170.3005506,22.17535113,1,2,1
2092,-170.3184299,22.17390142,1,2,1
2093,-170.3363162,22.17253278,1,2,1
2094,-170.3542094,22.17124551,1,2,1
2095,-170.3721091,22.17003933,1,2,1
2096,-170.3900146,22.16891452,1,2,1
2097,-170.4079256,22.16787098,1,2,1
2098,-170.4258418,22.16690873,1,2,1
2099,-170.4437626,22.16602784,1,2,1
2100,-170.4616878,22.16522834,1,2,1
2101,-170.4796169,22.16451021,1,2,1
2102,-170.4975494,22.16387346,1,2,1
2103,-170.5154849,22.16331809,1,2,1
2104,-170.5334231,22.16284419,1,2,1
2105,-170.5513634,22.16245167,1,2,1
2106,-170.5693056,22.16214063,1,2,1
2107,-170.5872492,22.16191106,1,2,1
2108,-170.6051937,22.16176287,1,2,1
2109,-170.6231388,22.16169625,1,2,1
2110,-170.6294703,22.1616921,1,2,1
2111,-170.6413465,22.16171101,1,2,1
2112,-170.6592914,22.16180725,1,2,1
2113,-170.6772356,22.16198496,1,2,1
2114,-170.6951787,22.16224406,1,2,1
2115,-170.7131203,22.16258472,1,2,1
2116,-170.7310599,22.16300677,1,2,1
2117,-170.7489972,22.16351019,1,2,1
2118,-170.7669316,22.16409509,1,2,1
2119,-170.784863,22.16476146,1,2,1
2120,-170.8027906,22.16550911,1,2,1
2121,-170.8207144,22.16633814,1,2,1
2122,-170.8386335,22.16724854,1,2,1
2123,-170.8565479,22.16824032,1,2,1
2124,-170.874457,22.16931338,1,2,1
2125,-170.8923604,22.17046771,1,2,1
2126,-170.9102577,22.17170332,1,2,1
2127,-170.9281485,22.17302011,1,2,1
2128,-170.9460323,22.17441817,1,2,1
2129,-170.9639088,22.17589732,1,2,1
2130,-170.9817776,22.17745764,1,2,1
2131,-170.9996381,22.17909903,1,2,1
2132,-171.0174901,22.18082151,1,2,1
2133,-171.0353331,22.18262496,1,2,1
2134,-171.0531667,22.18450948,1,2,1
2135,-171.0709904,22.18647479,1,2,1
2136,-171.0888039,22.18852108,1,2,1
2137,-171.1066068,22.19064823,1,2,1
2138,-171.1243985,22.19285608,1,2,1
2139,-171.1421788,22.1951447,1,2,1
2140,-171.1599472,22.19751399,1,2,1
2141,-171.1777033,22.19996397,1,2,1
2142,-171.1954466,22.20249442,1,2,1
2143,-171.2131768,22.20510545,1,2,1
2144,-171.2308934,22.20779687,1,2,1
2145,-171.2485961,22.21056876,1,2,1
2146,-171.2662845,22.21342093,1,2,1
2147,-171.2839581,22.21635338,1,2,1
2148,-171.3016164,22.21936591,1,2,1
2149,-171.3192592,22.22245872,1,2,1
2150,-171.3368859,22.22563141,1,2,1
2151,-171.3544963,22.22888418,1,2,1
2152,-171.3720898,22.23221683,1,2,1
2153,-171.3896661,22.23562927,1,2,1
2154,-171.4072246,22.23912148,1,2,1
2155,-171.4247652,22.24269328,1,2,1
2156,-171.4422873,22.24634476,1,2,1
2157,-171.4597905,22.25007562,1,2,1
2158,-171.4772744,22.25388597,1,2,1
2159,-171.4947387,22.25777559,1,2,1
2160,-171.5121829,22.26174441,1,2,1
2161,-171.5296065,22.2657924,1,2,1
2162,-171.5470092,22.26991938,1,2,1
2163,-171.5643906,22.27412525,1,2,1
2164,-171.5817503,22.2784101,1,2,1
2165,-171.5990879,22.28277354,1,2,1
2166,-171.616403,22.28721576,1,2,1
2167,-171.6336951,22.29173638,1,2,1
2168,-171.6509638,22.29633557,1,2,1
2169,-171.6682089,22.30101296,1,2,1
2170,-171.6854298,22.30576863,1,2,1
2171,-171.7026261,22.31060239,1,2,1
2172,-171.7197976,22.31551405,1,2,1
2173,-171.7369436,22.32050369,1,2,1
2174,-171.7540639,22.32557103,1,2,1
2175,-171.771158,22.33071605,1,2,1
2176,-171.7882256,22.33593858,1,2,1
2177,-171.8052662,22.34123849,1,2,1
2178,-171.8222796,22.3466156,1,2,1
2179,-171.8392651,22.35207,1,2,1
2180,-171.8562225,22.3576013,1,2,1
2181,-171.8731514,22.3632096,1,2,1
2182,-171.8900513,22.36889459,1,2,1
2183,-171.9069219,22.37465619,1,2,1
2184,-171.9237628,22.38049428,1,2,1
2185,-171.9405735,22.38640877,1,2,1
2186,-171.9573538,22.39239937,1,2,1
2187,-171.9741031,22.39846617,1,2,1
2188,-171.990821,22.40460887,1,2,1
2189,-172.0075073,22.41082738,1,2,1
2190,-172.0241616,22.41712149,1,2,1
2191,-172.0399816,22.42318388,1,2,1
2192,-172.0565214,22.42447405,1,2,1
2193,-172.0744298,22.42595273,1,2,1
2194,-172.0923304,22.42751253,1,2,1
2195,-172.1102228,22.42915345,1,2,1
2196,-172.1281067,22.43087529,1,2,1
2197,-172.1459816,22.43267824,1,2,1
2198,-172.1638469,22.43456203,1,2,1
2199,-172.1817025,22.43652673,1,2,1
2200,-172.1995479,22.43857235,1,2,1
2201,-172.2173825,22.44069878,1,2,1
2202,-172.2352061,22.44290595,1,2,1
2203,-172.2530181,22.44519374,1,2,1
2204,-172.2708183,22.44756224,1,2,1
2205,-172.2886061,22.45001137,1,2,1
2206,-172.3063812,22.45254111,1,2,1
2207,-172.3241433,22.45515119,1,2,1
2208,-172.3418917,22.45784178,1,2,1
2209,-172.3596261,22.4606127,1,2,1
2210,-172.3773461,22.46346393,1,2,1
2211,-172.3950514,22.46639539,1,2,1
2212,-172.4127415,22.46940698,1,2,1
2213,-172.4304159,22.47249869,1,2,1
2214,-172.4480744,22.47567042,1,2,1
2215,-172.4657163,22.47892217,1,2,1
2216,-172.4833415,22.48225366,1,2,1
2217,-172.5009494,22.48566497,1,2,1
2218,-172.5185396,22.48915609,1,2,1
2219,-172.5361117,22.49272675,1,2,1
2220,-172.5536655,22.49637694,1,2,1
2221,-172.5712002,22.50010664,1,2,1
2222,-172.5887157,22.50391568,1,2,1
2223,-172.6062114,22.50780405,1,2,1
2224,-172.6236871,22.51177163,1,2,1
2225,-172.6411423,22.51581826,1,2,1
2226,-172.6585764,22.51994391,1,2,1
2227,-172.6759893,22.52414848,1,2,1
2228,-172.6933805,22.52843189,1,2,1
2229,-172.7107494,22.53279393,1,2,1
2230,-172.7280959,22.5372347,1,2,1
2231,-172.7454193,22.5417539,1,2,1
2232,-172.7627195,22.54635154,1,2,1
2233,-172.7799958,22.5510275,1,2,1
2234,-172.797248,22.5557816,1,2,1
2235,-172.8144757,22.56061374,1,2,1
2236,-172.8316783,22.56552391,1,2,1
2237,-172.8488556,22.57051191,1,2,1
2238,-172.8660072,22.57557766,1,2,1
2239,-172.8831325,22.58072103,1,2,1
2240,-172.9002313,22.58594185,1,2,1
2241,-172.9173031,22.59124011,1,2,1
2242,-172.9343475,22.59661551,1,2,1
2243,-172.9513641,22.60206815,1,2,1
2244,-172.9683526,22.60759773,1,2,1
2245,-172.9853126,22.61320415,1,2,1
2246,-173.0022435,22.61888742,1,2,1
2247,-173.019145,22.62464723,1,2,1
2248,-173.0360168,22.63048348,1,2,1
2249,-173.0528585,22.63639609,1,2,1
2250,-173.0696697,22.64238485,1,2,1
2251,-173.0864499,22.64844965,1,2,1
2252,-173.1031987,22.6545905,1,2,1
2253,-173.1199158,22.66080701,1,2,1
2254,-173.1366008,22.66709917,1,2,1
2255,-173.1532532,22.67346679,1,2,1
2256,-173.1698728,22.67990976,1,2,1
2257,-173.186459,22.68642789,1,2,1
2258,-173.2030117,22.69302107,1,2,1
2259,-173.2195301,22.69968912,1,2,1
2260,-173.2360141,22.70643183,1,2,1
2261,-173.2524633,22.71324911,1,2,1
2262,-173.2688773,22.72014085,1,2,1
2263,-173.2852556,22.72710676,1,2,1
2264,-173.3015978,22.73414683,1,2,1
2265,-173.3179037,22.74126078,1,2,1
2266,-173.3341728,22.7484484,1,2,1
2267,-173.3455561,22.75354067,1,2,1
2268,-173.3594787,22.75119981,1,2,1
2269,-173.3772262,22.74829855,1,2,1
2270,-173.3949883,22.74547753,1,2,1
2271,-173.4127647,22.74273685,1,2,1
2272,-173.430555,22.74007642,1,2,1
2273,-173.4483587,22.73749651,1,2,1
2274,-173.4661753,22.73499696,1,2,1
2275,-173.4840046,22.73257804,1,2,1
2276,-173.501846,22.73023966,1,2,1
2277,-173.5196993,22.72798193,1,2,1
2278,-173.5375638,22.72580493,1,2,1
2279,-173.5554393,22.72370867,1,2,1
2280,-173.5733254,22.72169315,1,2,1
2281,-173.5912216,22.71975856,1,2,1
2282,-173.6091273,22.71790481,1,2,1
2283,-173.6270425,22.716132,1,2,1
2284,-173.6449665,22.71444014,1,2,1
2285,-173.662899,22.7128293,1,2,1
2286,-173.6808395,22.71129951,1,2,1
2287,-173.6987876,22.70985085,1,2,1
2288,-173.716743,22.70848323,1,2,1
2289,-173.7347051,22.70719685,1,2,1
2290,-173.7526736,22.7059916,1,2,1
2291,-173.7706481,22.70486759,1,2,1
2292,-173.7886281,22.70382472,1,2,1
2293,-173.8066133,22.70286319,1,2,1
2294,-173.8246032,22.70198298,1,2,1
2295,-173.8425973,22.70118402,1,2,1
2296,-173.8605953,22.7004664,1,2,1
2297,-173.8785968,22.6998301,1,2,1
2298,-173.8966013,22.69927515,1,2,1
2299,-173.9146085,22.69880154,1,2,1
2300,-173.9326179,22.69840935,1,2,1
2301,-173.9506291,22.69809851,1,2,1
2302,-173.9686418,22.6978691,1,2,1
2303,-173.9866552,22.69772103,1,2,1
2304,-174.0046694,22.6976544,1,2,1
2305,-174.0226836,22.69766919,1,2,1
2306,-174.0406976,22.69776533,1,2,1
2307,-174.0587108,22.6979429,1,2,1
2308,-174.0767229,22.69820191,1,2,1
2309,-174.0947335,22.69854226,1,2,1
2310,-174.1127422,22.69896403,1,2,1
2311,-174.1307484,22.69946715,1,2,1
2312,-174.148752,22.7000516,1,2,1
2313,-174.1667523,22.7007174,1,2,1
2314,-174.1847489,22.70146453,1,2,1
2315,-174.2027415,22.70229308,1,2,1
2316,-174.2207297,22.70320278,1,2,1
2317,-174.2387131,22.70419382,1,2,1
2318,-174.2566912,22.70526609,1,2,1
2319,-174.2746635,22.7064196,1,2,1
2320,-174.2926297,22.70765435,1,2,1
2321,-174.3105894,22.70897023,1,2,1
2322,-174.3285422,22.71036725,1,2,1
2323,-174.3464876,22.7118454,1,2,1
2324,-174.3644252,22.7134046,1,2,1
2325,-174.3823547,22.71504483,1,2,1
2326,-174.4002755,22.71676601,1,2,1
2327,-174.4181873,22.71856821,1,2,1
2328,-174.4360898,22.72045136,1,2,1
2329,-174.4539823,22.72241534,1,2,1
2330,-174.4718646,22.72446016,1,2,1
2331,-174.4897362,22.72658572,1,2,1
2332,-174.5075967,22.72879203,1,2,1
2333,-174.5254456,22.73107906,1,2,1
2334,-174.5432827,22.73344664,1,2,1
2335,-174.5611075,22.73589486,1,2,1
2336,-174.5789195,22.73842352,1,2,1
2337,-174.5967183,22.74103271,1,2,1
2338,-174.6145036,22.74372225,1,2,1
2339,-174.6322748,22.74649213,1,2,1
2340,-174.6500317,22.74934226,1,2,1
2341,-174.6677738,22.75227262,1,2,1
2342,-174.6855007,22.75528312,1,2,1
2343,-174.7032119,22.75837366,1,2,1
2344,-174.7209071,22.76154415,1,2,1
2345,-174.7385858,22.76479458,1,2,1
2346,-174.7562477,22.76812495,1,2,1
2347,-174.7738923,22.77153497,1,2,1
2348,-174.7915192,22.77502473,1,2,1
2349,-174.809128,22.77859404,1,2,1
2350,-174.8267183,22.78224289,1,2,1
2351,-174.8442897,22.78597118,1,2,1
2352,-174.8618418,22.78977883,1,2,1
2353,-174.8793742,22.79366571,1,2,1
2354,-174.8968864,22.79763175,1,2,1
2355,-174.914378,22.80167693,1,2,1
2356,-174.9318489,22.80580106,1,2,1
2357,-174.9492982,22.81000404,1,2,1
2358,-174.9667258,22.81428578,1,2,1
2359,-174.9841312,22.81864626,1,2,1
2360,-175.0015142,22.82308539,1,2,1
2361,-175.018874,22.82760287,1,2,1
2362,-175.0362105,22.83219881,1,2,1
2363,-175.0535233,22.83687299,1,2,1
2364,-175.0708118,22.84162543,1,2,1
2365,-175.0880758,22.84645583,1,2,1
2366,-175.1053147,22.85136418,1,2,1
2367,-175.1225283,22.85635029,1,2,1
2368,-175.1397161,22.86141416,1,2,1
2369,-175.1568776,22.86655567,1,2,1
2370,-175.1740125,22.87177456,1,2,1
2371,-175.1911205,22.8770709,1,2,1
2372,-175.208201,22.8824444,1,2,1
2373,-175.2252537,22.88789497,1,2,1
2374,-175.2422782,22.8934225,1,2,1
2375,-175.2592742,22.89902699,1,2,1
2376,-175.2762412,22.90470805,1,2,1
2377,-175.2931786,22.91046578,1,2,1
2378,-175.3100864,22.91629997,1,2,1
2379,-175.326964,22.92221043,1,2,1
2380,-175.343811,22.92819706,1,2,1
2381,-175.360627,22.93425967,1,2,1
2382,-175.3774117,22.94039825,1,2,1
2383,-175.3941645,22.9466126,1,2,1
2384,-175.4108852,22.95290243,1,2,1
2385,-175.4275734,22.95926783,1,2,1
2386,-175.4442286,22.96570851,1,2,1
2387,-175.4608504,22.97222428,1,2,1
2388,-175.4774386,22.97881513,1,2,1
2389,-175.4939927,22.98548076,1,2,1
2390,-175.5105122,22.99222109,1,2,1
2391,-175.5269968,22.99903599,1,2,1
2392,-175.5434462,23.00592528,1,2,1
2393,-175.5598599,23.01288877,1,2,1
2394,-175.5762375,23.01992634,1,2,1
2395,-175.5925787,23.02703772,1,2,1
2396,-175.608883,23.03422289,1,2,1
2397,-175.6251502,23.04148156,1,2,1
2398,-175.6413797,23.04881373,1,2,1
2399,-175.6575712,23.056219,1,2,1
2400,-175.6737245,23.06369729,1,2,1
2401,-175.689839,23.07124857,1,2,1
2402,-175.7059142,23.07887238,1,2,1
2403,-175.7219501,23.08656879,1,2,1
2404,-175.737946,23.09433752,1,2,1
2405,-175.7539016,23.10217846,1,2,1
2406,-175.7698167,23.11009123,1,2,1
2407,-175.7856907,23.11807591,1,2,1
2408,-175.8015233,23.12613213,1,2,1
2409,-175.8173141,23.13425968,1,2,1
2410,-175.8330627,23.14245855,1,2,1
2411,-175.8487689,23.15072836,1,2,1
2412,-175.8644322,23.1590691,1,2,1
2413,-175.8800521,23.16748039,1,2,1
2414,-175.8956285,23.17596212,1,2,1
2415,-175.9111608,23.1845141,1,2,1
2416,-175.9266487,23.19313612,1,2,1
2417,-175.942092,23.20182791,1,2,1
2418,-175.95749,23.21058944,1,2,1
2419,-175.9728425,23.21942034,1,2,1
2420,-175.9881493,23.22832041,1,2,1
2421,-176.0034098,23.23728954,1,2,1
2422,-176.0186237,23.24632744,1,2,1
2423,-176.0337907,23.25543392,1,2,1
2424,-176.0489103,23.26460878,1,2,1
2425,-176.0639822,23.27385182,1,2,1
2426,-176.0790062,23.28316285,1,2,1
2427,-176.0939817,23.29254147,1,2,1
2428,-176.1089085,23.30198769,1,2,1
2429,-176.123786,23.3115012,1,2,1
2430,-176.1386143,23.32108172,1,2,1
2431,-176.1533926,23.33072905,1,2,1
2432,-176.1681207,23.34044299,1,2,1
2433,-176.1827984,23.35022335,1,2,1
2434,-176.197425,23.36006984,1,2,1
2435,-176.2120005,23.36998216,1,2,1
2436,-176.2265243,23.3799603,1,2,1
2437,-176.2409962,23.39000379,1,2,1
2438,-176.2554159,23.40011252,1,2,1
2439,-176.2697828,23.4102862,1,2,1
2440,-176.2840968,23.42052463,1,2,1
2441,-176.2983573,23.43082753,1,2,1
2442,-176.3125642,23.44119469,1,2,1
2443,-176.326717,23.45162591,1,2,1
2444,-176.3408155,23.46212082,1,2,1
2445,-176.3548593,23.47267922,1,2,1
2446,-176.368848,23.48330099,1,2,1
2447,-176.3827813,23.49398567,1,2,1
2448,-176.3966587,23.50473315,1,2,1
2449,-176.4104802,23.51554314,1,2,1
2450,-176.4242452,23.52641534,1,2,1
2451,-176.4379535,23.53734966,1,2,1
2452,-176.4516046,23.54834561,1,2,1
2453,-176.4651984,23.559403,1,2,1
2454,-176.4787344,23.57052172,1,2,1
2455,-176.4922122,23.58170131,1,2,1
2456,-176.5056317,23.59294164,1,2,1
2457,-176.5189924,23.60424243,1,2,1
2458,-176.532294,23.6156033,1,2,1
2459,-176.5455362,23.62702406,1,2,1
2460,-176.5587186,23.63850449,1,2,1
2461,-176.571841,23.65004422,1,2,1
2462,-176.584903,23.66164315,1,2,1
2463,-176.5979043,23.67330079,1,2,1
2464,-176.6108446,23.68501696,1,2,1
2465,-176.6237235,23.69679135,1,2,1
2466,-176.6365408,23.70862378,1,2,1
2467,-176.649296,23.72051385,1,2,1
2468,-176.661989,23.73246138,1,2,1
2469,-176.6746193,23.74446597,1,2,1
2470,-176.6871867,23.75652744,1,2,1
2471,-176.6996908,23.76864548,1,2,1
2472,-176.7121314,23.78081982,1,2,1
2473,-176.7245081,23.79305006,1,2,1
2474,-176.7368207,23.80533601,1,2,1
2475,-176.7490688,23.81767738,1,2,1
2476,-176.761252,23.83007387,1,2,1
2477,-176.7733702,23.84252521,1,2,1
2478,-176.785423,23.855031,1,2,1
2479,-176.79741,23.86759106,1,2,1
2480,-176.809331,23.88020508,1,2,1
2481,-176.8211858,23.89287269,1,2,1
2482,-176.8329739,23.90559359,1,2,1
2483,-176.8446951,23.9183675,1,2,1
2484,-176.8563491,23.93119422,1,2,1
2485,-176.8679356,23.94407328,1,2,1
2486,-176.8794544,23.95700447,1,2,1
2487,-176.890905,23.96998742,1,2,1
2488,-176.9022874,23.98302193,1,2,1
2489,-176.913601,23.99610762,1,2,1
2490,-176.9248457,24.0092441,1,2,1
2491,-176.9360211,24.02243127,1,2,1
2492,-176.947127,24.03566857,1,2,1
2493,-176.9581631,24.04895588,1,2,1
2494,-176.9691291,24.06229274,1,2,1
2495,-176.9800247,24.07567895,1,2,1
2496,-176.9908498,24.08911413,1,2,1
2497,-177.0016038,24.10259789,1,2,1
2498,-177.0122867,24.11613005,1,2,1
2499,-177.0228981,24.12971021,1,2,1
2500,-177.0334377,24.14333809,1,2,1
2501,-177.0439053,24.15701332,1,2,1
2502,-177.0543005,24.17073559,1,2,1
2503,-177.0646233,24.18450453,1,2,1
2504,-177.0748732,24.19831995,1,2,1
2505,-177.08505,24.21218128,1,2,1
2506,-177.0951534,24.22608841,1,2,1
2507,-177.1051832,24.24004096,1,2,1
2508,-177.1151391,24.25403856,1,2,1
2509,-177.1250209,24.26808083,1,2,1
2510,-177.1348283,24.28216747,1,2,1
2511,-177.1445609,24.29629819,1,2,1
2512,-177.1542186,24.31047263,1,2,1
2513,-177.1638012,24.32469049,1,2,1
2514,-177.1733084,24.3389513,1,2,1
2515,-177.1827398,24.35325477,1,2,1
2516,-177.1920953,24.36760071,1,2,1
2517,-177.2013746,24.38198855,1,2,1
2518,-177.2105776,24.3964181,1,2,1
2519,-177.2197038,24.41088889,1,2,1
2520,-177.2287531,24.42540072,1,2,1
2521,-177.2377252,24.43995312,1,2,1
2522,-177.24662,24.4545458,1,2,1
2523,-177.2554371,24.4691784,1,2,1
2524,-177.2641763,24.48385061,1,2,1
2525,-177.2728374,24.49856197,1,2,1
2526,-177.2814201,24.5133122,1,2,1
2527,-177.2899243,24.528101,1,2,1
2528,-177.2983497,24.54292791,1,2,1
2529,-177.306696,24.55779255,1,2,1
2530,-177.314963,24.57269472,1,2,1
2531,-177.3231507,24.58763387,1,2,1
2532,-177.3312585,24.6026098,1,2,1
2533,-177.3392865,24.61762214,1,2,1
2534,-177.3472342,24.63267041,1,2,1
2535,-177.3551016,24.64775433,1,2,1
2536,-177.3624884,24.66209691,1,2,1
2537,-177.36806,24.6641518,1,2,1
2538,-177.3691102,24.66453779,1,2,1
2539,-177.3860579,24.67081382,1,2,1
2540,-177.4029728,24.67716529,1,2,1
2541,-177.4198545,24.68359183,1,2,1
2542,-177.4367026,24.69009342,1,2,1
2543,-177.4535167,24.69666988,1,2,1
2544,-177.4702966,24.7033211,1,2,1
2545,-177.4870416,24.71004679,1,2,1
2546,-177.5037514,24.71684694,1,2,1
2547,-177.5204258,24.72372127,1,2,1
2548,-177.5370642,24.73066977,1,2,1
2549,-177.5536663,24.73769215,1,2,1
2550,-177.5702317,24.74478831,1,2,1
2551,-177.58676,24.75195806,1,2,1
2552,-177.6032508,24.75920119,1,2,1
2553,-177.6197037,24.76651762,1,2,1
2554,-177.6361184,24.77390714,1,2,1
2555,-177.6524944,24.78136955,1,2,1
2556,-177.6688313,24.78890468,1,2,1
2557,-177.685129,24.79651249,1,2,1
2558,-177.7013867,24.80419262,1,2,1
2559,-177.7176042,24.81194497,1,2,1
2560,-177.7337813,24.81976932,1,2,1
2561,-177.7499173,24.82766551,1,2,1
2562,-177.766012,24.83563341,1,2,1
2563,-177.7820651,24.84367283,1,2,1
2564,-177.798076,24.85178349,1,2,1
2565,-177.8140445,24.85996519,1,2,1
2566,-177.8299701,24.86821792,1,2,1
2567,-177.8368998,24.87184957,1,2,1
2568,-177.8503227,24.87329458,1,2,1
2569,-177.8685026,24.87533346,1,2,1
2570,-177.8866717,24.87745282,1,2,1
2571,-177.9048297,24.87965267,1,2,1
2572,-177.922976,24.88193298,1,2,1
2573,-177.9411103,24.88429367,1,2,1
2574,-177.9592322,24.88673474,1,2,1
2575,-177.9719455,24.88849627,1,2,1
2576,-177.9783228,24.88939352,1,2,1
2577,-177.9964186,24.89199504,1,2,1
2578,-178.0145006,24.89467675,1,2,1
2579,-178.0325686,24.89743862,1,2,1
2580,-178.0506221,24.90028048,1,2,1
2581,-178.0686606,24.90320233,1,2,1
2582,-178.0866838,24.90620406,1,2,1
2583,-178.1046912,24.90928566,1,2,1
2584,-178.1226825,24.91244696,1,2,1
2585,-178.1406571,24.91568804,1,2,1
2586,-178.1586147,24.91900861,1,2,1
2587,-178.1600519,24.91927799,1,2,1
2588,-178.1657669,24.92034367,1,2,1
2589,-178.1837072,24.92374388,1,2,1
2590,-178.2016298,24.92722348,1,2,1
2591,-178.2195341,24.93078256,1,2,1
2592,-178.2374198,24.93442085,1,2,1
2593,-178.2552865,24.93813841,1,2,1
2594,-178.2731335,24.94193508,1,2,1
2595,-178.2909607,24.94581083,1,2,1
2596,-178.3087676,24.94976548,1,2,1
2597,-178.3265539,24.95379902,1,2,1
2598,-178.3443189,24.95791127,1,2,1
2599,-178.3620624,24.9621023,1,2,1
2600,-178.3797839,24.96637184,1,2,1
2601,-178.3974832,24.97071987,1,2,1
2602,-178.4151596,24.97514622,1,2,1
2603,-178.4328128,24.97965087,1,2,1
2604,-178.4504425,24.98423372,1,2,1
2605,-178.4680482,24.98889467,1,2,1
2606,-178.4856294,24.99363344,1,2,1
2607,-178.5031859,24.99845021,1,2,1
2608,-178.5207172,25.00334461,1,2,1
2609,-178.5382227,25.00831671,1,2,1
2610,-178.5557024,25.01336623,1,2,1
2611,-178.5731556,25.01849316,1,2,1
2612,-178.5905819,25.02369742,1,2,1
2613,-178.607981,25.02897879,1,2,1
2614,-178.6144512,25.03096462,1,2,1
2615,-178.6262609,25.03461669,1,2,1
2616,-178.6436043,25.040052,1,2,1
2617,-178.6609193,25.04556413,1,2,1
2618,-178.6782055,25.05115281,1,2,1
2619,-178.6954624,25.0568181,1,2,1
2620,-178.7007742,25.05858854,1,2,1
2621,-178.7032305,25.05880852,1,2,1
2622,-178.7214777,25.06052417,1,2,1
2623,-178.7397158,25.06232063,1,2,1
2624,-178.7579444,25.06419773,1,2,1
2625,-178.7761631,25.06615546,1,2,1
2626,-178.7943714,25.06819373,1,2,1
2627,-178.812569,25.07031253,1,2,1
2628,-178.8307554,25.07251178,1,2,1
2629,-178.832053,25.07267183,1,2,1
2630,-178.8491533,25.07481906,1,2,1
2631,-178.8673159,25.07717908,1,2,1
2632,-178.8854662,25.07961953,1,2,1
2633,-178.9036037,25.08214013,1,2,1
2634,-178.9217278,25.08474105,1,2,1
2635,-178.9398381,25.08742202,1,2,1
2636,-178.9579345,25.09018313,1,2,1
2637,-178.9580967,25.09020821,1,2,1
2638,-178.9655931,25.09136196,1,2,1
2639,-178.977265,25.09318647,1,2,1
2640,-178.9814035,25.09382512,1,2,1
2641,-178.9994858,25.09666619,1,2,1
2642,-179.0175531,25.09958719,1,2,1
2643,-179.0356051,25.10258813,1,2,1
2644,-179.0536414,25.10566891,1,2,1
2645,-179.0716614,25.10882934,1,2,1
2646,-179.0896648,25.11206951,1,2,1
2647,-179.1076512,25.11538932,1,2,1
2648,-179.1256202,25.11878858,1,2,1
2649,-179.1435714,25.12226729,1,2,1
2650,-179.1615042,25.12582535,1,2,1
2651,-179.1794184,25.12946275,1,2,1
2652,-179.1973135,25.13317931,1,2,1
2653,-179.2151891,25.13697492,1,2,1
2654,-179.2330447,25.14084959,1,2,1
2655,-179.2508801,25.1448032,1,2,1
2656,-179.2686947,25.14883567,1,2,1
2657,-179.2864882,25.1529469,1,2,1
2658,-179.30426,25.15713678,1,2,1
2659,-179.32201,25.16140514,1,2,1
2660,-179.3397376,25.16575204,1,2,1
2661,-179.3574423,25.17017722,1,2,1
2662,-179.3612457,25.17113882,1,2,1
2663,-179.370225,25.17342106,1,2,1
2664,-179.3819771,25.17642359,1,2,1
2665,-179.3996354,25.18100522,1,2,1
2666,-179.4168052,25.18554106,1,2,1
2667,-179.4175449,25.18573819,1,2,1
2668,-179.4351547,25.19047585,1,2,1
2669,-179.4527397,25.19529128,1,2,1
2670,-179.4702994,25.20018438,1,2,1
2671,-179.4878335,25.20515516,1,2,1
2672,-179.5053415,25.21020332,1,2,1
2673,-179.5228231,25.21532894,1,2,1
2674,-179.5402778,25.22053184,1,2,1
2675,-179.5577053,25.22581183,1,2,1
2676,-179.575105,25.23116881,1,2,1
2677,-179.5924767,25.23660267,1,2,1
2678,-179.60982,25.24211331,1,2,1
2679,-179.6271343,25.24770055,1,2,1
2680,-179.6444193,25.25336438,1,2,1
2681,-179.6616747,25.2591045,1,2,1
2682,-179.6789,25.26492092,1,2,1
2683,-179.6960948,25.27081335,1,2,1
2684,-179.7132587,25.27678186,1,2,1
2685,-179.7303913,25.28282609,1,2,1
2686,-179.7474923,25.28894612,1,2,1
2687,-179.7645611,25.29514166,1,2,1
2688,-179.7815975,25.30141261,1,2,1
2689,-179.798601,25.30775879,1,2,1
2690,-179.8155713,25.31418008,1,2,1
2691,-179.8325079,25.32067638,1,2,1
2692,-179.8494103,25.32724742,1,2,1
2693,-179.8662783,25.33389318,1,2,1
2694,-179.8831115,25.34061347,1,2,1
2695,-179.8999095,25.347408,1,2,1
2696,-179.9166717,25.35427685,1,2,1
2697,-179.933398,25.36121966,1,2,1
2698,-179.9500879,25.3682364,1,2,1
2699,-179.9667408,25.37532679,1,2,1
2700,-179.9689289,25.37626507,1,2,1
2701,-179.9835706,25.38258244,1,2,1
2702,-179.9999877,25.38974952,1,2,1
